activity_type,date_posted,year,activity_title,equipmend_used,indoor_outdoor,distance,calories,time,avg_hr,max_hr,aerobic_te,avg_cadence,max_cadence,avg_pace,best_pace,elev_gain,elev_loss
running,01/07/2017,2017,Wooler Running,Brooks Running Trainers,outdoor,19.42,"3,052",04:18:57,156,171,4.8,148,248,13:20,07:12,"4,004","4,040"
running,29/06/2017,2017,Berwick-upon-Tweed Running,Brooks Running Trainers,outdoor,3.47,364,30:57:00,127,155,2.1,168,181,08:55,06:36,187,177
running,28/06/2017,2017,Berwick-upon-Tweed Running,Brooks Running Trainers,outdoor,4.12,425,31:22:00,139,160,2.7,172,183,07:37,06:34,185,214
running,25/06/2017,2017,Berwick-upon-Tweed Running,Brooks Running Trainers,outdoor,5.42,561,40:33:00,144,161,3.1,176,182,07:29,06:39,197,194
running,24/06/2017,2017,Berwick-upon-Tweed Running,Brooks Running Trainers,outdoor,6.5,694,48:16:00,149,166,3.5,173,182,07:26,06:36,338,333
running,22/06/2017,2017,Brougham Running,Brooks Running Trainers,outdoor,2.59,286,21:11,139,166,2.5,176,196,08:11,05:56,167,150
running,21/06/2017,2017,Brougham Running,Brooks Running Trainers,outdoor,3.11,315,23:31,139,159,2.5,176,188,07:33,06:18,148,171
running,20/06/2017,2017,Brougham Running,Brooks Running Trainers,outdoor,4.45,475,34:27:00,146,164,3,174,192,07:44,06:53,328,356
cycling,19/06/2017,2017,Brougham Cycling,Scott Road Bike,outdoor,2.44,155,10:16,--,--,0,--,--,14.3,24.2,118,114
running,18/06/2017,2017,Wooler Running,Brooks Running Trainers,outdoor,8.03,982,01:16:30,146,172,3,162,212,09:32,05:25,930,933
running,15/06/2017,2017,Berwick-upon-Tweed Running,Brooks Running Trainers,outdoor,0.41,42,02:55.4,149,161,1.4,176,180,07:03,06:17,21,--
running,15/06/2017,2017,Berwick-upon-Tweed Running,Brooks Running Trainers,outdoor,6.11,609,42:32:00,150,180,3.3,173,190,06:58,05:37,255,285
cycling,15/06/2017,2017,Indoor cycling,Spinner Bike,indoor,0,159,15:30,120,147,1.6,122,125,--,--,--,--
cycling,14/06/2017,2017,Indoor cycling,Spinner Bike,indoor,7.46,242,20:50,128,154,2.2,122,122,21.5,--,--,--
cycling,13/06/2017,2017,Indoor cycling,Spinner Bike,indoor,6.46,242,21:12,127,149,2.1,122,138,18.3,--,--,--
running,12/06/2017,2017,Berwick-upon-Tweed Running,Brooks Running Trainers,outdoor,6.18,652,45:53:00,148,165,3.4,172,180,07:25,06:46,194,170
running,11/06/2017,2017,Berwick-upon-Tweed Running,Brooks Running Trainers,outdoor,4.12,434,29:47:00,150,169,3.2,172,182,07:13,06:22,218,217
running,10/06/2017,2017,Berwick-upon-Tweed Running,Brooks Running Trainers,outdoor,8.45,934,01:03:40,154,175,4.1,174,186,07:32,06:02,410,409
running,08/06/2017,2017,Berwick-upon-Tweed Running,Brooks Running Trainers,outdoor,4.7,411,33:33:00,141,182,2.5,179,217,07:08,04:32,114,141
cycling,08/06/2017,2017,Indoor cycling,Spinner Bike,indoor,6.21,112,17:19,100,142,1.3,121,121,21.5,--,--,--
cycling,05/06/2017,2017,Indoor cycling,Spinner Bike,indoor,9.32,270,25:08:00,125,157,2.1,122,123,22.3,--,--,--
running,04/06/2017,2017,Berwick-upon-Tweed Running,Brooks Running Trainers,outdoor,5.54,582,41:13:00,153,171,3.5,175,184,07:26,06:23,234,222
running,01/06/2017,2017,Berwick-upon-Tweed Running,Brooks Running Trainers,outdoor,4.51,469,35:19:00,149,175,3.2,173,247,07:50,02:45,165,170
running,31/05/2017,2017,Berwick-upon-Tweed Running,Brooks Running Trainers,outdoor,6.02,549,47:39:00,140,155,2.6,171,222,07:55,07:01,251,250
cycling,30/05/2017,2017,Indoor cycling,Spinner Bike,indoor,15,198,25:04:00,112,133,1.6,122,122,35.9,--,--,--
running,28/05/2017,2017,Earle Running,Brooks Running Trainers,outdoor,14.25,"2,248",03:03:19,149,173,3.5,152,234,12:52,07:28,"3,292","3,282"
running,25/05/2017,2017,Berwick-upon-Tweed Running,Brooks Running Trainers,outdoor,6.71,737,50:48:00,151,169,3.7,173,182,07:34,06:25,387,413
running,24/05/2017,2017,Horncliffe Running,Brooks Running Trainers,outdoor,5.64,607,41:36:00,153,174,3.6,172,180,07:23,06:41,194,182
running,21/05/2017,2017,Earle Running,Brooks Running Trainers,outdoor,12.06,"1,654",02:12:15,148,175,3.3,158,243,10:58,06:18,"2,153","2,139"
running,20/05/2017,2017,Berwick-upon-Tweed Running,Brooks Running Trainers,outdoor,6.6,716,47:33:00,153,171,3.6,175,185,07:13,06:04,222,251
running,18/05/2017,2017,Wooler Running,Brooks Running Trainers,outdoor,8.03,898,01:10:11,146,171,2.9,169,198,08:45,05:17,889,891
running,14/05/2017,2017,Earle Running,Brooks Running Trainers,outdoor,12.18,"1,951",02:20:14,153,176,3.6,155,243,11:31,05:24,"2,277","2,250"
cycling,13/05/2017,2017,Indoor cycling,Spinner Bike,indoor,10.31,416,30:18:00,138,163,2.9,--,--,20.4,--,--,--
running,11/05/2017,2017,Berwick-upon-Tweed Running,Brooks Running Trainers,outdoor,6.02,581,42:35:00,146,180,3,178,239,07:04,04:47,246,242
cycling,10/05/2017,2017,Indoor cycling,Spinner Bike,indoor,7.21,259,20:09,132,158,2.3,--,--,21.5,--,--,--
running,08/05/2017,2017,Berwick-upon-Tweed Running,Brooks Running Trainers,outdoor,5.31,528,39:11:00,142,158,2.9,173,185,07:22,06:43,211,243
cycling,07/05/2017,2017,Indoor cycling,Spinner Bike,indoor,9.94,378,30:31:00,133,161,2.8,--,--,19.5,--,--,--
running,04/05/2017,2017,Berwick-upon-Tweed Running,Brooks Running Trainers,outdoor,6.2,605,41:10:00,156,178,3,177,198,06:39,05:34,206,224
running,03/05/2017,2017,Berwick-upon-Tweed Running,Brooks Running Trainers,outdoor,5.06,520,37:17:00,150,169,3.3,173,183,07:22,06:38,197,223
running,30/04/2017,2017,Wooler Running,Brooks Running Trainers,outdoor,9.03,"1,142",01:25:40,150,185,3.2,167,247,09:29,05:11,"1,487","1,491"
running,29/04/2017,2017,Berwick-upon-Tweed Running,Brooks Running Trainers,outdoor,6.14,691,46:32:00,156,179,3.7,174,179,07:35,06:51,173,169
running,27/04/2017,2017,Berwick-upon-Tweed Running,Brooks Running Trainers,outdoor,6.17,692,46:37:00,155,182,3.5,173,196,07:34,05:16,331,327
running,23/04/2017,2017,Berwick-upon-Tweed Running,Brooks Running Trainers,outdoor,0.41,49,03:25.7,144,152,1.4,173,178,08:17,07:37,21,--
cycling,23/04/2017,2017,Indoor cycling,Spinner Bike,indoor,0,577,43:13:00,141,165,2.9,--,--,--,--,--,--
running,23/04/2017,2017,Berwick-upon-Tweed Running,Brooks Running Trainers,outdoor,0.71,90,05:25.6,170,185,2.1,173,182,07:37,07:16,23,41
running,22/04/2017,2017,Berwick-upon-Tweed Running,Brooks Running Trainers,outdoor,0.41,47,03:10.0,151,161,1.4,175,180,07:40,07:17,21,--
cycling,22/04/2017,2017,Indoor cycling,Spinner Bike,indoor,0,622,44:15:00,144,162,3.2,--,--,--,--,--,--
running,22/04/2017,2017,Berwick-upon-Tweed Running,Brooks Running Trainers,outdoor,0.42,39,03:08.6,132,140,1.2,174,178,07:28,07:00,--,18
running,20/04/2017,2017,Berwick-upon-Tweed Running,Brooks Running Trainers,outdoor,4.14,436,29:37:00,153,176,3.1,175,239,07:09,06:39,160,159
running,19/04/2017,2017,Berwick-upon-Tweed Running,Brooks Running Trainers,outdoor,2.54,267,19:38,139,148,2.4,175,180,07:44,07:05,77,75
running,18/04/2017,2017,Berwick-upon-Tweed Running,Brooks Running Trainers,outdoor,2.59,270,20:00,139,150,2.4,174,181,07:43,07:25,58,42
running,17/04/2017,2017,Berwick-upon-Tweed Running,Brooks Running Trainers,outdoor,2.53,258,18:09,150,173,2.6,173,177,07:11,06:38,62,53
running,16/04/2017,2017,Kyloe Running,Brooks Running Trainers,outdoor,9.03,"1,021",01:09:25,156,174,3.7,173,187,07:41,05:36,681,692
running,15/04/2017,2017,Berwick-upon-Tweed Running,Brooks Running Trainers,outdoor,4.23,463,31:26:00,152,167,3.2,173,181,07:26,06:45,217,212
running,13/04/2017,2017,Berwick-upon-Tweed Running,Brooks Running Trainers,outdoor,5.32,689,45:23:00,158,177,3.5,171,195,08:31,05:21,430,426
running,10/04/2017,2017,Berwick-upon-Tweed Running,Brooks Running Trainers,outdoor,6.22,638,45:54:00,146,164,3.2,172,178,07:23,06:43,175,157
running,06/04/2017,2017,Berwick-upon-Tweed Running,Brooks Running Trainers,outdoor,5.03,453,33:00:00,147,172,2.8,183,233,06:34,04:10,294,324
running,04/04/2017,2017,Kyloe Running,Brooks Running Trainers,outdoor,6.12,672,48:30:00,146,166,3.2,171,187,07:56,05:55,531,537
running,02/04/2017,2017,Berwick-upon-Tweed Running,Brooks Running Trainers,outdoor,5.27,563,38:45:00,150,170,3.4,173,196,07:21,05:25,266,274
running,01/04/2017,2017,Berwick-upon-Tweed Running,Brooks Running Trainers,outdoor,5.05,530,37:07:00,151,166,3.3,172,178,07:21,06:19,232,230
running,30/03/2017,2017,Berwick-upon-Tweed Running,Brooks Running Trainers,outdoor,6.13,666,43:36:00,160,179,3.8,175,186,07:07,05:49,322,332
running,28/03/2017,2017,Berwick-upon-Tweed Running,Brooks Running Trainers,outdoor,4.02,403,29:51:00,144,162,3.1,173,180,07:25,06:30,173,170
running,26/03/2017,2017,Kyloe Running,Brooks Running Trainers,outdoor,10.12,"1,100",01:28:52,148,173,3,170,217,08:47,06:16,"1,012",997
running,25/03/2017,2017,Berwick-upon-Tweed Running,Brooks Running Trainers,outdoor,4.27,474,32:41:00,150,166,3.2,175,181,07:39,06:54,218,217
running,24/03/2017,2017,Berwick-upon-Tweed Running,Brooks Running Trainers,outdoor,6.2,646,47:06:00,147,169,3.3,172,180,07:36,06:41,179,166
running,19/03/2017,2017,Berwick-upon-Tweed Running,Brooks Running Trainers,outdoor,7.17,857,53:52:00,161,174,4.7,176,190,07:31,05:37,311,318
running,16/03/2017,2017,Berwick-upon-Tweed Running,Brooks Running Trainers,outdoor,5.03,468,34:54:00,148,174,3,176,202,06:56,04:52,113,124
running,15/03/2017,2017,Berwick-upon-Tweed Running,Brooks Running Trainers,outdoor,2.58,271,20:04,141,156,2.7,175,182,07:46,07:12,65,67
running,14/03/2017,2017,Berwick-upon-Tweed Running,Brooks Running Trainers,outdoor,2.53,264,18:40,146,155,2.8,174,180,07:24,06:28,66,65
running,14/03/2017,2017,Berwick-upon-Tweed Running,Brooks Running Trainers,outdoor,3.23,352,25:34:00,144,157,3,173,180,07:56,07:06,115,126
running,09/03/2017,2017,Berwick-upon-Tweed Running,Brooks Running Trainers,outdoor,6.13,617,44:26:00,151,170,3.4,176,189,07:15,05:44,111,116
running,08/03/2017,2017,Berwick-upon-Tweed Running,Brooks Running Trainers,outdoor,5.1,532,39:03:00,146,170,3.4,173,180,07:39,06:25,190,323
running,05/03/2017,2017,Kyloe Running,Brooks Running Trainers,outdoor,11.53,"1,182",01:46:33,143,166,3.2,169,183,09:14,07:20,"1,064","1,046"
running,04/03/2017,2017,Berwick-upon-Tweed Running,Brooks Running Trainers,outdoor,4.24,459,33:41:00,142,161,3.1,172,181,07:56,07:01,223,221
running,01/03/2017,2017,Berwick-upon-Tweed Running,Brooks Running Trainers,outdoor,4.64,483,37:31:00,140,160,3,169,180,08:05,07:14,162,154
running,26/02/2017,2017,Cheswick Running,Brooks Running Trainers,outdoor,5.4,615,41:08:00,154,169,3.9,173,179,07:37,05:45,303,200
running,25/02/2017,2017,Berwick-upon-Tweed Running,Brooks Running Trainers,outdoor,4.66,541,35:05:00,157,174,3.9,175,183,07:32,06:40,171,167
running,23/02/2017,2017,Berwick-upon-Tweed Running,Brooks Running Trainers,outdoor,6.56,768,52:14:00,153,169,3.9,173,181,07:58,01:21,306,317
lap_swimming,20/02/2017,2017,Swimming ,none,indoor,"1,800",687,55:45:00,--,--,0,--,--,03:06,01:00:00,--,--
lap_swimming,16/02/2017,2017,Swimming ,none,indoor,"2,000",559,45:23:00,--,--,0,--,--,02:16,01:00:00,--,--
lap_swimming,13/02/2017,2017,Swimming ,none,indoor,"1,900",668,54:14:00,--,--,0,--,--,02:51,01:00:00,--,--
lap_swimming,12/02/2017,2017,Swimming ,none,indoor,"1,900",696,56:31:00,--,--,0,--,--,02:58,01:00:00,--,--
running,11/02/2017,2017,Berwick-upon-Tweed Running,Brooks Running Trainers,outdoor,5.11,571,38:51:00,149,169,3.5,176,182,07:36,05:22,151,146
running,09/02/2017,2017,Berwick-upon-Tweed Running,Brooks Running Trainers,outdoor,5.05,552,37:31:00,149,170,3.5,174,180,07:25,06:27,205,201
lap_swimming,06/02/2017,2017,Swimming ,none,indoor,"2,100",708,57:28:00,--,--,0,--,--,02:44,01:00:00,--,--
running,05/02/2017,2017,Kyloe Running,Brooks Running Trainers,outdoor,10.01,"1,259",01:35:04,--,--,0,169,191,09:29,05:58,907,906
running,04/02/2017,2017,Berwick-upon-Tweed Running,Brooks Running Trainers,outdoor,6.21,800,47:53:00,--,--,0,175,181,07:43,06:58,201,196
running,02/02/2017,2017,Berwick-upon-Tweed Running,Brooks Running Trainers,outdoor,5.71,733,41:30:00,--,--,0,174,216,07:16,04:24,267,288
lap_swimming,30/01/2017,2017,Swimming ,none,indoor,"2,600",734,59:36:00,--,--,0,--,--,02:18,01:00:00,--,--
running,29/01/2017,2017,Tweeddale West Ward Running,Brooks Running Trainers,outdoor,4.17,521,31:22:00,--,--,0,171,216,07:32,05:16,497,519
running,26/01/2017,2017,Running,Brooks Running Trainers,outdoor,6.18,782,42:39:00,--,--,0,176,184,06:54,06:06,269,285
running,23/01/2017,2017,Berwick-upon-Tweed Running,Brooks Running Trainers,outdoor,4.63,588,37:59:00,--,--,0,173,183,08:12,07:05,204,212
lap_swimming,23/01/2017,2017,Swimming ,none,indoor,"2,000",725,58:48:00,--,--,0,--,--,02:41,01:00:00,--,--
cycling,22/01/2017,2017,Berwick-upon-Tweed Cycling,Scott Road Bike,outdoor,30.3,"1,403",01:50:50,149,174,3.7,--,--,16.4,29.5,846,832
strength_training,20/01/2017,2017,Strength Training,none,indoor,0,337,38:01:00,115,144,2.1,--,--,--,--,--,--
strength_training,19/01/2017,2017,Strength Training,none,indoor,0,119,32:43:00,89,109,1.1,--,--,--,--,--,--
strength_training,18/01/2017,2017,Strength Training,none,indoor,0,333,39:23:00,113,143,2,--,--,--,--,--,--
strength_training,17/01/2017,2017,Strength Training,none,indoor,0,397,41:33:00,119,141,2.1,--,--,--,--,--,--
lap_swimming,16/01/2017,2017,Swimming ,none,indoor,"1,750",668,54:10:00,--,--,0,--,--,03:06,01:00:00,--,--
strength_training,16/01/2017,2017,Strength Training,none,indoor,0,202,26:01:00,110,150,1.7,--,--,--,--,--,--
running,12/01/2017,2017,Berwick-upon-Tweed Running,Brooks Running Trainers,outdoor,5.71,734,41:33:00,--,--,0,175,185,07:17,05:41,57,56
running,11/01/2017,2017,Berwick-upon-Tweed Running,Brooks Running Trainers,outdoor,4.59,592,34:32:00,--,--,0,175,184,07:31,06:40,182,232
running,07/01/2017,2017,Berwick-upon-Tweed Running,Brooks Running Trainers,outdoor,6.24,804,46:56:00,--,--,0,174,181,07:32,07:00,162,153
running,05/01/2017,2017,Berwick-upon-Tweed Running,Brooks Running Trainers,outdoor,4.15,531,30:22:00,--,--,0,174,181,07:19,06:39,152,127
running,03/01/2017,2017,Berwick-upon-Tweed Running,Brooks Running Trainers,outdoor,3.6,458,28:05:00,--,--,0,177,194,07:48,05:27,179,179
running,01/01/2017,2017,Berwick-upon-Tweed Running,Adidas Running Trainers,outdoor,13.34,"1,713",01:38:48,--,--,0,176,193,07:24,06:26,578,578
running,30/12/2016,2016,Berwick-upon-Tweed Running,Adidas Running Trainers,outdoor,4.18,538,30:55:00,--,--,0,176,183,07:24,06:45,136,145
cycling,30/12/2016,2016,Berwick-upon-Tweed Cycling,Scott Road Bike,outdoor,12.77,762,53:24:00,--,--,0,--,--,14.4,30.1,513,529
running,29/12/2016,2016,Berwick-upon-Tweed Running,Adidas Running Trainers,outdoor,5.05,649,36:10:00,--,--,0,175,199,07:09,04:23,275,291
running,27/12/2016,2016,Whittingham Running,Adidas Running Trainers,outdoor,6.55,829,59:33:00,--,--,0,168,198,09:06,06:24,600,622
running,26/12/2016,2016,Berwick-upon-Tweed Running,Adidas Running Trainers,outdoor,4.51,581,33:00:00,--,--,0,174,186,07:19,06:22,221,208
running,22/12/2016,2016,Berwick-upon-Tweed Running,Adidas Running Trainers,outdoor,6.55,694,48:20:00,149,170,3.5,173,183,07:23,05:59,259,268
running,21/12/2016,2016,Berwick-upon-Tweed Running,Adidas Running Trainers,outdoor,4.09,446,29:13:00,156,186,3.4,175,183,07:09,06:15,128,118
running,19/12/2016,2016,Berwick-upon-Tweed Running,Adidas Running Trainers,outdoor,5.02,519,38:37:00,142,158,3.2,170,180,07:41,07:07,145,145
cycling,18/12/2016,2016,Berwick-upon-Tweed Cycling,Scott Road Bike,outdoor,21.74,"1,026",01:18:40,147,171,3.6,--,--,16.6,28.5,564,570
cycling,17/12/2016,2016,Berwick-upon-Tweed Cycling,Scott Road Bike,outdoor,16.03,764,01:00:32,144,172,3.1,--,--,15.9,24.8,521,529
running,15/12/2016,2016,Berwick-upon-Tweed Running,Adidas Running Trainers,outdoor,5.73,709,40:27:00,163,179,3,175,216,07:03,03:44,104,112
lap_swimming,12/12/2016,2016,Swimming ,none,indoor,"2,100",739,01:00:00,--,--,0,--,--,02:51,01:00:00,--,--
running,08/12/2016,2016,Berwick-upon-Tweed Running,Adidas Running Trainers,outdoor,6.21,674,43:43:00,158,180,4.2,175,181,07:03,05:50,318,318
running,07/12/2016,2016,Berwick-upon-Tweed Running,Adidas Running Trainers,outdoor,10.27,"1,103",01:22:55,145,164,3.4,171,181,08:04,07:05,421,413
running,04/12/2016,2016,Berwick-upon-Tweed Running,Adidas Running Trainers,outdoor,3.72,470,26:25:00,172,181,4.1,176,206,07:06,04:54,174,154
running,04/12/2016,2016,Berwick-upon-Tweed Running,Adidas Running Trainers,outdoor,1.69,181,11:52,152,180,2.5,176,237,07:02,06:02,42,160
running,01/12/2016,2016,Berwick-upon-Tweed Running,Adidas Running Trainers,outdoor,6.14,637,42:33:00,153,171,3.5,174,191,06:56,05:02,129,132
lap_swimming,30/11/2016,2016,Swimming ,none,indoor,"1,500",558,45:15:00,--,--,0,--,--,03:01,01:00:00,--,--
lap_swimming,28/11/2016,2016,Swimming ,none,indoor,"1,600",736,59:44:00,--,--,0,--,--,03:44,01:00:00,--,--
running,27/11/2016,2016,Berwick-upon-Tweed Running,Adidas Running Trainers,outdoor,4.63,517,34:30:00,151,170,3.5,173,182,07:27,06:36,157,147
lap_swimming,21/11/2016,2016,Swimming ,none,indoor,"2,050",849,01:08:52,--,--,0,--,--,03:22,01:00:00,--,--
running,20/11/2016,2016,Galashiels and District Ward Running,Adidas Running Trainers,outdoor,3.6,440,28:15:00,--,--,0,172,197,07:51,05:08,309,298
running,17/11/2016,2016,Berwick-upon-Tweed Running,Adidas Running Trainers,outdoor,6.11,640,47:07:00,145,181,3.1,171,191,07:43,05:09,93,104
lap_swimming,16/11/2016,2016,Swimming ,none,indoor,"1,750",791,01:04:11,--,--,0,--,--,03:40,01:00:00,--,--
lap_swimming,14/11/2016,2016,Swimming ,none,indoor,"1,500",754,01:01:11,--,--,0,--,--,04:05,01:00:00,--,--
lap_swimming,13/11/2016,2016,Swimming ,none,indoor,"1,250",844,01:01:11,--,--,0,--,--,01:00:00,01:00:00,--,--
cycling,12/11/2016,2016,Indoor cycling,Spinner Bike,indoor,0,124,17:30,109,125,1.2,--,--,--,--,--,--
running,12/11/2016,2016,Berwick-upon-Tweed Running,Adidas Running Trainers,outdoor,4.03,441,30:14:00,145,159,3.2,173,178,07:30,06:51,--,--
running,10/11/2016,2016,Berwick-upon-Tweed Running,Adidas Running Trainers,outdoor,6.25,711,44:06:00,158,174,4.3,174,181,07:04,06:09,299,320
lap_swimming,09/11/2016,2016,Swimming ,none,indoor,"1,650",818,01:06:22,--,--,0,--,--,04:01,01:00:00,--,--
lap_swimming,07/11/2016,2016,Swimming ,none,indoor,"1,300",678,01:07:14,--,--,0,--,--,05:10,01:00:00,--,--
running,06/11/2016,2016,Leaderdale and Melrose Ward Running,Adidas Running Trainers,outdoor,4.28,579,34:55:00,165,182,4.1,171,211,08:10,05:50,360,355
running,03/11/2016,2016,Berwick-upon-Tweed Running,Adidas Running Trainers,outdoor,6.12,666,45:50:00,148,179,3.6,172,181,07:29,06:13,277,282
lap_swimming,02/11/2016,2016,Swimming ,none,indoor,"1,350",755,01:01:17,--,--,0,--,--,04:32,01:00:00,--,--
lap_swimming,31/10/2016,2016,Swimming ,none,indoor,"1,000",574,46:35:00,--,--,0,--,--,04:40,01:00:00,--,--
running,31/10/2016,2016,Running,Adidas Running Trainers,outdoor,4.71,499,36:51:00,144,165,3.1,169,179,07:50,06:52,"1,093","1,047"
lap_swimming,30/10/2016,2016,Swimming ,none,indoor,750,876,45:13:00,--,--,0,--,--,06:02,01:00:00,--,--
lap_swimming,27/10/2016,2016,Swimming ,none,indoor,"1,000",736,59:43:00,--,--,0,--,--,05:58,01:00:00,--,--
lap_swimming,26/10/2016,2016,Swimming ,none,indoor,600,686,55:41:00,--,--,0,--,--,09:17,01:00:00,--,--
strength_training,25/10/2016,2016,Strength Training,none,indoor,0,320,37:02:00,117,151,1.9,--,--,--,--,--,--
running,20/10/2016,2016,Running,Adidas Running Trainers,outdoor,6.02,598,41:05:00,152,181,3.3,175,216,06:49,03:14,722,758
running,18/10/2016,2016,Running,Adidas Running Trainers,outdoor,0.41,53,03:15.2,--,--,0,170,180,07:53,07:08,36,56
cycling,17/10/2016,2016,Indoor cycling,Spinner Bike,indoor,0,433,41:36:00,124,149,2.2,--,--,--,--,--,--
running,15/10/2016,2016,Running,Adidas Running Trainers,outdoor,4.13,450,30:28:00,148,176,3,173,178,07:22,07:07,594,545
running,13/10/2016,2016,Berwick-upon-Tweed Running,Adidas Running Trainers,outdoor,6.23,708,45:58:00,151,167,3.5,171,194,07:22,04:53,273,269
cycling,10/10/2016,2016,Indoor cycling,Spinner Bike,indoor,0,608,42:29:00,144,166,3.2,--,--,--,--,--,--
cycling,08/10/2016,2016,Indoor cycling,Spinner Bike,indoor,0,611,43:14:00,145,170,3.1,--,--,--,--,--,--
running,08/10/2016,2016,Berwick-upon-Tweed Running,Adidas Running Trainers,outdoor,5.8,660,42:24:00,152,168,3.5,173,198,07:19,06:40,198,195
running,06/10/2016,2016,Berwick-upon-Tweed Running,Adidas Running Trainers,outdoor,5.16,577,36:27:00,155,173,3.4,171,190,07:04,04:25,186,205
cycling,05/10/2016,2016,Indoor cycling,Spinner Bike,indoor,0,576,44:17:00,137,164,3,--,--,--,--,--,--
cycling,04/10/2016,2016,Indoor cycling,Spinner Bike,indoor,2.15,243,39:14:00,--,--,0,145,249,3.3,19.7,--,20
running,02/10/2016,2016,Berwick-upon-Tweed Running,Adidas Running Trainers,outdoor,5.47,633,41:23:00,148,168,3.3,173,185,07:34,06:46,258,257
running,01/10/2016,2016,Berwick-upon-Tweed Running,Adidas Running Trainers,outdoor,6.2,710,46:17:00,147,163,3.3,171,178,07:28,06:50,205,189
cycling,30/09/2016,2016,Indoor cycling,Spinner Bike,indoor,0,616,43:57:00,139,168,3.2,--,--,--,--,--,--
running,29/09/2016,2016,Berwick-upon-Tweed Running,Adidas Running Trainers,outdoor,6.01,663,41:31:00,155,179,3.2,172,198,06:54,04:43,100,105
cycling,27/09/2016,2016,Indoor cycling,Spinner Bike,indoor,0,613,43:12:00,142,173,3.1,--,--,--,--,--,--
cycling,26/09/2016,2016,Indoor cycling,Spinner Bike,indoor,0,606,46:14:00,134,164,3,--,--,--,--,--,--
strength_training,25/09/2016,2016,Strength Training,none,indoor,0,452,41:34:00,124,153,2.2,--,--,--,--,--,--
cycling,23/09/2016,2016,Indoor cycling,Spinner Bike,indoor,0,572,42:57:00,135,172,2.9,--,--,--,--,--,--
running,22/09/2016,2016,Berwick-upon-Tweed Running,Adidas Running Trainers,outdoor,4.65,425,29:05:00,149,176,2.6,177,220,06:15,03:52,92,110
running,22/09/2016,2016,Berwick-upon-Tweed Running,Adidas Running Trainers,outdoor,3.57,412,25:37:00,151,162,3.1,175,180,07:11,06:25,154,213
cycling,22/09/2016,2016,Indoor cycling,Spinner Bike,indoor,0,504,44:11:00,126,170,2.4,--,--,--,--,--,--
cycling,21/09/2016,2016,Indoor cycling,Spinner Bike,indoor,0,632,41:49:00,144,179,3.4,--,--,--,--,--,--
strength_training,21/09/2016,2016,Strength Training,none,indoor,0,357,38:31:00,117,149,1.9,--,--,--,--,--,--
cycling,19/09/2016,2016,Indoor cycling,Spinner Bike,indoor,0,485,46:14:00,122,149,2.1,--,--,--,--,--,--
running,18/09/2016,2016,Fa'side Ward Running,Adidas Running Trainers,outdoor,13.19,"1,186",01:33:12,141,161,2.9,173,203,07:04,04:34,72,186
cycling,17/09/2016,2016,Indoor cycling,Spinner Bike,indoor,0,526,42:19:00,133,161,2.6,--,--,--,--,--,--
running,14/09/2016,2016,Berwick-upon-Tweed Running,Adidas Running Trainers,outdoor,4.08,427,30:56:00,140,175,2.5,170,178,07:34,03:28,166,159
running,10/09/2016,2016,Berwick-upon-Tweed Running,Adidas Running Trainers,outdoor,3.26,345,24:39:00,139,150,2.3,172,180,07:33,06:36,114,109
running,08/09/2016,2016,Berwick-upon-Tweed Running,Adidas Running Trainers,outdoor,6.66,676,46:45:00,148,162,3.1,173,196,07:01,05:56,342,347
cycling,08/09/2016,2016,Indoor cycling,Spinner Bike,indoor,0,231,37:09:00,100,131,1.2,--,--,--,--,--,--
running,06/09/2016,2016,Horncliffe Running,Adidas Running Trainers,outdoor,5.38,554,39:53:00,140,160,2.8,174,180,07:24,07:00,157,159
running,05/09/2016,2016,Berwick-upon-Tweed Running,Adidas Running Trainers,outdoor,4.01,408,31:21:00,133,151,2.3,171,176,07:49,06:40,140,137
running,04/09/2016,2016,Berwick-upon-Tweed Running,Adidas Running Trainers,outdoor,10.11,"1,061",01:15:36,146,164,3.1,176,192,07:29,06:08,411,409
running,03/09/2016,2016,Berwick-upon-Tweed Running,Adidas Running Trainers,outdoor,4.08,435,30:43:00,142,158,2.7,174,180,07:31,07:02,196,201
running,01/09/2016,2016,Berwick-upon-Tweed Running,Adidas Running Trainers,outdoor,6.24,666,42:27:00,154,174,3.6,176,192,06:48,06:09,342,343
running,31/08/2016,2016,Berwick-upon-Tweed Running,Adidas Running Trainers,outdoor,7.03,744,52:21:00,144,162,3.2,171,179,07:27,06:33,271,267
running,29/08/2016,2016,Berwick-upon-Tweed Running,Adidas Running Trainers,outdoor,1.35,124,29:35:00,--,--,0,107,129,21:56,16:48,60,72
running,29/08/2016,2016,Berwick-upon-Tweed Running,Adidas Running Trainers,outdoor,6.13,673,45:46:00,147,163,3.2,172,176,07:28,06:58,177,176
strength_training,29/08/2016,2016,Strength Training,none,indoor,0,523,50:29:00,128,154,2.5,--,--,--,--,--,--
strength_training,27/08/2016,2016,Strength training,none,indoor,0,447,47:23:00,120,149,2,--,--,--,--,--,--
running,26/08/2016,2016,Berwick-upon-Tweed Running,Adidas Running Trainers,outdoor,4.07,440,29:18:00,147,162,3,176,180,07:12,06:43,113,131
running,25/08/2016,2016,Berwick-upon-Tweed Running,Adidas Running Trainers,outdoor,3.08,326,19:21,163,177,3.2,179,194,06:17,04:32,248,245
running,25/08/2016,2016,Berwick-upon-Tweed Running,Adidas Running Trainers,outdoor,0.18,20,01:30.8,137,141,1.1,170,186,08:19,05:34,--,--
running,24/08/2016,2016,Berwick-upon-Tweed Running,Adidas Running Trainers,outdoor,5.03,501,38:15:00,137,155,2.5,175,182,07:37,06:45,258,258
cycling,23/08/2016,2016,Indoor cycling,Spinner Bike,indoor,0,110,32:32:00,87,110,1,--,--,--,--,--,--
running,22/08/2016,2016,Berwick-upon-Tweed Running,Adidas Running Trainers,outdoor,6.1,674,50:23:00,139,160,2.8,173,180,08:15,06:56,276,274
running,21/08/2016,2016,Berwick-upon-Tweed Running,Adidas Running Trainers,outdoor,4.04,438,31:02:00,141,154,2.7,176,185,07:41,06:15,199,175
running,20/08/2016,2016,Berwick-upon-Tweed Running,Adidas Running Trainers,outdoor,7.22,813,51:43:00,153,171,3.7,175,190,07:10,05:56,281,398
running,18/08/2016,2016,Berwick-upon-Tweed Running,Adidas Running Trainers,outdoor,4.9,427,33:08:00,140,180,2.4,181,205,06:45,04:26,109,114
running,17/08/2016,2016,Berwick-upon-Tweed Running,Adidas Running Trainers,outdoor,4.06,410,30:19:00,139,159,2.5,172,180,07:28,06:36,186,181
running,16/08/2016,2016,Berwick-upon-Tweed Running,Adidas Running Trainers,outdoor,4.19,447,30:24:00,147,166,3.1,172,181,07:16,06:13,252,249
running,15/08/2016,2016,Berwick-upon-Tweed Running,Adidas Running Trainers,outdoor,4.13,456,33:23:00,139,154,2.7,173,180,08:04,07:30,157,158
strength_training,13/08/2016,2016,Strength Training,none,indoor,0,282,30:17:00,116,148,1.7,--,--,--,--,--,--
strength_training,12/08/2016,2016,Strength Training,none,indoor,0,186,45:09:00,92,116,1,--,--,--,--,--,--
running,11/08/2016,2016,Berwick-upon-Tweed Running,Adidas Running Trainers,outdoor,7.02,794,50:30:00,153,166,3.8,172,180,07:12,06:23,258,259
strength_training,10/08/2016,2016,Strength Training,none,indoor,0,462,47:34:00,119,144,2,--,--,--,--,--,--
strength_training,09/08/2016,2016,Strength Training,none,indoor,0,542,56:12:00,121,151,2,--,--,--,--,--,--
strength_training,08/08/2016,2016,Strength Training,none,indoor,0,857,01:27:28,126,158,2.2,--,--,--,--,--,--
strength_training,07/08/2016,2016,Strength Training,none,indoor,0,303,37:14:00,112,147,1.7,--,--,--,--,--,--
strength_training,06/08/2016,2016,Strength Training,none,indoor,0,279,37:34:00,108,139,1.5,--,--,--,--,--,--
strength_training,04/08/2016,2016,Strength Training,none,indoor,0,332,39:05:00,118,145,1.7,--,--,--,--,--,--
running,04/08/2016,2016,Berwick-upon-Tweed Running,Adidas Running Trainers,outdoor,6,773,51:17:00,153,177,3.1,172,202,08:33,05:04,303,308
running,03/08/2016,2016,Berwick-upon-Tweed Running,Adidas Running Trainers,outdoor,6.21,638,44:39:00,145,166,3.2,170,178,07:11,06:28,191,174
strength_training,03/08/2016,2016,Strength Training,none,indoor,0,282,37:10:00,107,144,1.5,--,--,--,--,--,--
strength_training,02/08/2016,2016,Strength Training,none,indoor,0,243,34:10:00,106,140,1.5,--,--,--,--,--,--
strength_training,01/08/2016,2016,Strength Training,none,indoor,0,280,36:52:00,109,138,1.6,--,--,--,--,--,--
strength_training,31/07/2016,2016,Strength Training,none,indoor,0,373,39:28:00,117,151,2,--,--,--,--,--,--
strength_training,30/07/2016,2016,Strength Training,none,indoor,0,443,49:59:00,120,149,2.1,--,--,--,--,--,--
strength_training,29/07/2016,2016,Strength Training,none,indoor,0,398,41:52:00,119,146,1.8,--,--,--,--,--,--
running,28/07/2016,2016,Berwick-upon-Tweed Running,Adidas Running Trainers,outdoor,5.69,570,38:03:00,151,172,3,174,186,06:42,05:52,239,251
running,27/07/2016,2016,East Berwickshire Ward Running,Adidas Running Trainers,outdoor,4.38,536,31:00:00,166,182,3.7,170,203,07:04,05:07,202,209
strength_training,27/07/2016,2016,Strength Training,none,indoor,0,113,30:34:00,88,110,1,--,--,--,--,--,--
strength_training,26/07/2016,2016,Strength Training,none,indoor,0,416,39:43:00,123,153,2.1,--,--,--,--,--,--
strength_training,25/07/2016,2016,Strength Training,none,indoor,0,470,50:53:00,121,149,2.2,--,--,--,--,--,--
strength_training,24/07/2016,2016,Strength Training,none,indoor,0,429,40:23:00,126,148,2.1,--,--,--,--,--,--
running,24/07/2016,2016,Hepburn Running,Adidas Running Trainers,outdoor,0.03,7,00:47.2,119,122,1.1,103,122,27:41:00,20:59,--,--
running,24/07/2016,2016,Hepburn Running,Adidas Running Trainers,outdoor,4.25,487,30:30:00,155,173,3.3,172,178,07:11,06:05,529,531
strength_training,23/07/2016,2016,Strength Training,none,indoor,0,475,39:18:00,133,158,2.4,--,--,--,--,--,--
cycling,21/07/2016,2016,Indoor cycling,Spinner Bike,indoor,0,208,31:44:00,106,125,1.1,--,--,--,--,--,--
running,21/07/2016,2016,Berwick-upon-Tweed Running,Adidas Running Trainers,outdoor,5.36,631,37:18:00,160,171,3.8,171,186,06:58,06:02,216,210
strength_training,20/07/2016,2016,Strength Training,none,indoor,0,490,54:43:00,122,149,2.3,--,--,--,--,--,--
strength_training,19/07/2016,2016,Strength Training,none,indoor,0,513,41:42:00,132,158,2.8,--,--,--,--,--,--
running,19/07/2016,2016,Walk with Keighley,Adidas Running Trainers,outdoor,1.68,150,31:17:00,--,--,0,109,122,18:37,15:22,38,35
strength_training,18/07/2016,2016,Strength Training,none,indoor,0,394,42:40:00,121,163,2,--,--,--,--,--,--
strength_training,16/07/2016,2016,Strength Training,none,indoor,0,505,53:38:00,122,154,2.4,--,--,--,--,--,--
strength_training,15/07/2016,2016,Strength Training,none,indoor,0,451,39:12:00,129,156,2.3,--,--,--,--,--,--
strength_training,14/07/2016,2016,Strength Training,none,indoor,0,186,32:40:00,102,123,1.1,--,--,--,--,--,--
running,14/07/2016,2016,Berwick-upon-Tweed Running,Adidas Running Trainers,outdoor,4.84,423,33:17:00,141,170,2.2,172,205,06:53,04:07,162,189
strength_training,13/07/2016,2016,Strength Training,none,indoor,0,470,43:41:00,128,155,2.3,--,--,--,--,--,--
strength_training,12/07/2016,2016,Strength Training,none,indoor,0,438,39:18:00,131,159,2.5,--,--,--,--,--,--
strength_training,11/07/2016,2016,Strength Training,none,indoor,0,446,39:12:00,128,154,2.2,--,--,--,--,--,--
running,10/07/2016,2016,Berwick-upon-Tweed Running,Adidas Running Trainers,outdoor,7.19,828,52:19:00,153,167,3.6,171,178,07:17,05:59,285,274
strength_training,09/07/2016,2016,Strength Training,none,indoor,0,526,42:26:00,134,159,2.6,--,--,--,--,--,--
strength_training,08/07/2016,2016,Strength Training,none,indoor,0,474,37:54:00,136,161,2.8,--,--,--,--,--,--
strength_training,07/07/2016,2016,Strength Training,none,indoor,0,142,32:46:00,93,116,1,--,--,--,--,--,--
strength_training,06/07/2016,2016,Strength Training,none,indoor,0,505,39:17:00,137,164,2.6,--,--,--,--,--,--
running,06/07/2016,2016,Berwick-upon-Tweed Running,Adidas Running Trainers,outdoor,1.3,133,07:27.4,171,181,2.3,177,202,05:44,01:42,82,69
running,06/07/2016,2016,Berwick-upon-Tweed Running,Adidas Running Trainers,outdoor,1.08,118,08:18.8,141,156,1.7,163,200,07:41,04:40,20,27
strength_training,05/07/2016,2016,Strength Training,none,indoor,0,504,41:47:00,133,160,2.6,--,--,--,--,--,--
strength_training,04/07/2016,2016,Strength Training,none,indoor,0,239,25:26:00,117,156,1.8,--,--,--,--,--,--
strength_training,03/07/2016,2016,Strength Training,none,indoor,0.41,281,26:19:00,125,158,2,--,--,0.9,3.2,13,7
running,02/07/2016,2016,Ord Running,Adidas Running Trainers,outdoor,6.21,699,44:55:00,150,167,3.4,171,178,07:14,06:45,312,374
cycling,01/07/2016,2016,Spinning,Spinner Bike,indoor,0,635,44:23:00,143,166,3.1,--,--,--,--,--,--
running,30/06/2016,2016,Berwick-upon-Tweed Cycling,Adidas Running Trainers,outdoor,3.09,340,19:30,165,177,3.2,--,--,06:18,04:59,222,221
cycling,29/06/2016,2016,Spinning,Spinner Bike,indoor,0,611,44:10:00,138,171,3.1,--,--,--,--,--,--
cycling,27/06/2016,2016,Spinning,Spinner Bike,indoor,0,599,42:52:00,140,168,3.1,--,--,--,--,--,--
running,26/06/2016,2016,Berwick-upon-Tweed Running,Adidas Running Trainers,outdoor,3.26,358,23:26,146,160,3,171,178,07:11,06:41,123,122
running,25/06/2016,2016,Berwick-upon-Tweed Running,Adidas Running Trainers,outdoor,4.06,427,29:10:00,145,166,3,170,176,07:11,06:40,197,172
cycling,22/06/2016,2016,Brougham Cycling,Scott Road Bike,outdoor,2.15,134,16:44,--,--,0,--,--,7.7,21.8,167,184
cycling,21/06/2016,2016,Brougham Cycling,Scott Road Bike,outdoor,1.46,72,09:22.4,--,--,0,--,--,9.4,21.1,113,115
running,19/06/2016,2016,Berwick-upon-Tweed Running,Adidas Running Trainers,outdoor,8.15,966,59:16:00,155,169,4.3,172,176,07:16,06:35,396,391
cycling,18/06/2016,2016,Indoor cycling,Spinner Bike,indoor,0.11,665,42:29:00,149,174,3.8,122,127,0.2,3.8,--,--
cycling,17/06/2016,2016,Indoor cycling,Spinner Bike,indoor,0.48,622,41:16:00,144,175,3.5,--,--,0.7,1.5,--,4
running,16/06/2016,2016,Berwick-upon-Tweed Running,Adidas Running Trainers,outdoor,6.02,566,39:42:00,147,178,3,174,202,06:36,04:33,220,227
cycling,15/06/2016,2016,Indoor cycling,Spinner Bike,indoor,0.34,655,45:58:00,142,167,3.6,--,--,0.4,--,--,--
running,14/06/2016,2016,Berwick-upon-Tweed Running,Adidas Running Trainers,outdoor,4.04,430,28:36:00,147,167,3.1,170,180,07:04,06:29,205,205
cycling,13/06/2016,2016,Indoor cycling,Spinner Bike,indoor,0.06,518,40:34:00,133,160,2.7,121,122,0.1,3.8,--,--
running,12/06/2016,2016,Bamburgh Running,Adidas Running Trainers,outdoor,6.2,700,38:48:00,170,180,4.7,175,190,06:15,04:38,161,181
running,10/06/2016,2016,Berwick-upon-Tweed Running,Adidas Running Trainers,outdoor,6.12,674,46:48:00,143,161,3.1,173,178,07:39,06:54,165,164
running,09/06/2016,2016,Berwick-upon-Tweed Running,Adidas Running Trainers,outdoor,4.17,316,27:14:00,146,182,3.4,170,207,06:32,03:37,32,27
cycling,08/06/2016,2016,Berwick-upon-Tweed Cycling,Scott Road Bike,outdoor,0.01,--,00:00.7,98,98,1,--,--,41.4,28.8,--,--
cycling,08/06/2016,2016,Berwick-upon-Tweed Cycling,Scott Road Bike,outdoor,0.03,--,00:02.8,100,101,1,--,--,36.9,34.7,--,--
cycling,08/06/2016,2016,Berwick-upon-Tweed Cycling,Scott Road Bike,outdoor,0.09,55,08:38.6,104,155,3.2,--,--,0.6,4.6,--,--
running,07/06/2016,2016,Berwick-upon-Tweed Running,Adidas Running Trainers,outdoor,5.14,560,38:02:00,145,166,0,--,--,07:24,05:44,230,216
cycling,06/06/2016,2016,Indoor cycling,Spinner Bike,indoor,0,527,40:38:00,136,172,0,--,--,--,--,--,--
running,04/06/2016,2016,Berwick-upon-Tweed Running,Adidas Running Trainers,outdoor,6.21,707,45:22:00,150,167,0,--,--,07:18,05:28,178,178
cycling,03/06/2016,2016,Indoor cycling,Spinner Bike,indoor,0,613,43:27:00,140,164,0,--,--,--,--,--,--
running,02/06/2016,2016,Berwick-upon-Tweed Running,Adidas Running Trainers,outdoor,6.1,702,42:00:00,158,173,0,--,--,06:53,05:25,315,333
cycling,01/06/2016,2016,Indoor cycling,Spinner Bike,indoor,0,601,45:16:00,136,166,0,--,--,--,--,--,--
cycling,31/05/2016,2016,Indoor cycling,Spinner Bike,indoor,0,533,43:14:00,130,160,0,--,--,--,--,--,--
running,30/05/2016,2016,Berwick-upon-Tweed Running,Adidas Running Trainers,outdoor,4.65,502,33:40:00,146,166,0,--,--,07:14,05:49,169,165
cycling,27/05/2016,2016,Indoor cycling,Spinner Bike,indoor,0,603,42:41:00,140,162,0,--,--,--,--,--,--
running,26/05/2016,2016,Berwick-upon-Tweed Running,Adidas Running Trainers,outdoor,3.1,340,19:41,166,184,0,--,--,06:21,03:40,231,217
running,25/05/2016,2016,Running,Adidas Running Trainers,outdoor,0,593,43:00:00,138,164,0,--,--,--,--,--,--
cycling,23/05/2016,2016,Indoor cycling,Spinner Bike,indoor,0,623,46:43:00,137,168,0,--,--,--,--,--,--
running,21/05/2016,2016,Berwick-upon-Tweed Running,Adidas Running Trainers,outdoor,4.4,576,31:59:00,--,--,0,--,--,07:16,04:14,258,257
running,19/05/2016,2016,Berwick-upon-Tweed Running,Adidas Running Trainers,outdoor,5.54,560,37:37:00,152,173,0,--,--,06:47,01:39,233,247
cycling,18/05/2016,2016,Indoor cycling,Spinner Bike,indoor,0,654,46:51:00,143,170,0,--,--,--,--,--,--
running,17/05/2016,2016,Berwick-upon-Tweed Running,Adidas Running Trainers,outdoor,6.14,663,43:38:00,153,179,0,--,--,07:07,05:44,196,194
running,10/05/2016,2016,East Berwickshire Ward Running,Adidas Running Trainers,outdoor,13.26,"1,369",01:45:55,146,164,0,--,--,07:59,05:52,666,762
running,09/05/2016,2016,Berwick-upon-Tweed Running,Adidas Running Trainers,outdoor,6.17,666,45:47:00,145,166,0,--,--,07:25,05:19,173,169
cycling,06/05/2016,2016,Indoor cycling,Spinner Bike,indoor,0,589,45:55:00,135,166,0,--,--,--,--,--,--
running,05/05/2016,2016,Berwick-upon-Tweed Running,Adidas Running Trainers,outdoor,3.52,310,20:40,151,175,0,--,--,05:52,00:43,59,26
running,05/05/2016,2016,Spinning,Adidas Running Trainers,outdoor,0.77,651,45:01:00,144,167,0,--,--,58:26:00,06:11,--,--
cycling,04/05/2016,2016,Indoor cycling,Spinner Bike,indoor,0.25,591,43:56:00,139,169,0,--,--,0.3,22.8,8,19
running,02/05/2016,2016,Berwick-upon-Tweed Running,Adidas Running Trainers,outdoor,7.13,828,50:21:00,159,178,0,--,--,07:04,05:14,237,372
cycling,30/04/2016,2016,Indoor cycling,Spinner Bike,indoor,0.12,686,44:29:00,150,171,0,--,--,0.2,2,--,--
running,30/04/2016,2016,Berwick-upon-Tweed Running,Adidas Running Trainers,outdoor,3.61,417,24:58:00,159,170,0,--,--,06:55,05:17,182,129
cycling,29/04/2016,2016,Indoor cycling,Spinner Bike,indoor,0,664,48:20:00,140,172,0,--,--,--,--,--,--
running,27/04/2016,2016,Berwick-upon-Tweed Running,Adidas Running Trainers,outdoor,4.32,461,30:37:00,148,173,0,--,--,07:05,05:40,238,239
cycling,27/04/2016,2016,Indoor cycling,Spinner Bike,indoor,0,597,42:46:00,140,168,0,--,--,--,--,--,--
cycling,25/04/2016,2016,Indoor cycling,Spinner Bike,indoor,0,564,47:57:00,130,156,0,--,--,--,--,--,--
running,24/04/2016,2016,Berwick-upon-Tweed Running,Adidas Running Trainers,outdoor,4.42,503,31:13:00,154,179,0,--,--,07:04,05:17,173,185
running,23/04/2016,2016,Ord Running,Adidas Running Trainers,outdoor,4.09,441,28:53:00,150,165,0,--,--,07:04,04:22,188,168
cycling,22/04/2016,2016,Indoor cycling,Spinner Bike,indoor,0,564,38:16:00,145,168,0,--,--,--,--,--,--
running,21/04/2016,2016,Berwick-upon-Tweed Running,Adidas Running Trainers,outdoor,5.05,561,35:19:00,154,165,0,--,--,07:00,04:46,241,240
running,20/04/2016,2016,Berwick-upon-Tweed Running,Adidas Running Trainers,outdoor,4.12,443,28:34:00,152,168,0,--,--,06:56,03:54,232,233
cycling,20/04/2016,2016,Indoor cycling,Spinner Bike,indoor,17.9,696,47:09:00,148,176,0,--,--,22.8,--,--,--
cycling,18/04/2016,2016,Indoor cycling,Spinner Bike,indoor,16.8,643,45:03:00,143,168,0,--,--,22.4,--,--,--
cycling,15/04/2016,2016,Indoor cycling,Spinner Bike,indoor,10.25,464,28:28:00,155,170,0,--,--,21.6,3.7,--,--
cycling,13/04/2016,2016,Indoor cycling,Spinner Bike,indoor,16.5,614,44:05:00,140,169,0,--,--,22.5,--,--,--
cycling,11/04/2016,2016,Indoor cycling,Spinner Bike,indoor,17.1,618,43:10:00,144,169,0,--,--,23.8,--,--,--
running,10/04/2016,2016,Berwick-upon-Tweed Running,Adidas Running Trainers,outdoor,5.04,567,36:14:00,153,167,0,--,--,07:11,03:57,207,280
cycling,08/04/2016,2016,Indoor cycling,Spinner Bike,indoor,16.2,631,44:31:00,144,169,0,--,--,21.8,--,--,--
running,07/04/2016,2016,Berwick-upon-Tweed Running,Adidas Running Trainers,outdoor,6.03,651,40:56:00,158,171,0,--,--,06:47,04:43,302,306
cycling,06/04/2016,2016,Indoor cycling,Spinner Bike,indoor,17.1,651,44:27:00,146,173,0,--,--,23.1,--,--,--
cycling,04/04/2016,2016,Indoor cycling,Spinner Bike,indoor,16.6,664,41:51:00,154,173,0,--,--,23.8,--,--,--
running,03/04/2016,2016,Berwick-upon-Tweed Running,Adidas Running Trainers,outdoor,5.02,558,35:53:00,154,168,0,--,--,07:09,05:17,248,240
running,02/04/2016,2016,Berwick-upon-Tweed Running,Adidas Running Trainers,outdoor,8.22,971,58:23:00,158,171,0,--,--,07:06,05:01,235,351
cycling,28/03/2016,2016,Berwick-upon-Tweed Cycling,Scott Road Bike,outdoor,18.32,"1,112",01:05:36,175,253,0,--,--,16.8,32,"1,128","1,131"
cycling,27/03/2016,2016,Rollers,Spinner Bike,indoor,15.08,423,42:01:00,125,156,0,--,--,21.5,36.1,--,--
cycling,25/03/2016,2016,Berwick-upon-Tweed Cycling,Scott Road Bike,outdoor,39.31,"2,018",02:15:03,160,253,0,--,--,17.5,30.5,"1,237","1,235"
running,24/03/2016,2016,Berwick-upon-Tweed Running,Adidas Running Trainers,outdoor,6.87,650,44:01:00,153,176,0,--,--,06:24,00:31,201,230
running,22/03/2016,2016,Berwick-upon-Tweed Running,Adidas Running Trainers,outdoor,3.84,415,28:01:00,146,157,0,--,--,07:17,05:29,188,177
running,21/03/2016,2016,Berwick-upon-Tweed Running,Adidas Running Trainers,outdoor,6.14,664,44:12:00,156,178,0,--,--,07:12,05:30,155,155
cycling,20/03/2016,2016,Berwick-upon-Tweed Cycling,Scott Road Bike,outdoor,28.34,"1,295",01:34:46,151,170,0,--,--,17.9,29.7,"1,141","1,144"
running,18/03/2016,2016,Berwick-upon-Tweed Running,Adidas Running Trainers,outdoor,4.17,454,30:27:00,151,168,0,--,--,07:18,05:16,273,269
running,17/03/2016,2016,Berwick-upon-Tweed Running,Adidas Running Trainers,outdoor,6.36,733,49:17:00,154,173,0,--,--,07:45,04:43,162,157
running,15/03/2016,2016,Berwick-upon-Tweed Running,Adidas Running Trainers,outdoor,4.09,444,29:14:00,152,170,0,--,--,07:08,05:42,160,160
cycling,14/03/2016,2016,Rollers,Spinner Bike,indoor,15.05,569,42:01:00,150,170,0,--,--,21.5,27.8,--,--
cycling,13/03/2016,2016,Rollers,Spinner Bike,indoor,12.35,508,35:03:00,157,174,0,--,--,21.1,28.4,--,--
running,10/03/2016,2016,Berwick-upon-Tweed Running,Adidas Running Trainers,outdoor,5.08,607,36:55:00,163,181,0,--,--,07:16,00:26,170,126
cycling,08/03/2016,2016,Rollers,Spinner Bike,indoor,10.51,393,30:06:00,147,166,0,--,--,20.9,30.2,--,--
cycling,07/03/2016,2016,Rollers,Spinner Bike,indoor,13.51,533,40:01:00,149,174,0,--,--,20.3,28.1,--,--
cycling,29/02/2016,2016,Rollers,Spinner Bike,indoor,11.06,418,31:01:00,150,169,0,--,--,21.4,30.4,--,--
running,25/02/2016,2016,Berwick-upon-Tweed Running,Adidas Running Trainers,outdoor,6.04,628,40:54:00,159,181,0,--,--,06:46,03:28,209,189
strength_training,24/02/2016,2016,Strength Training,none,indoor,0,148,20:00,--,--,0,--,--,--,--,--,--
running,23/02/2016,2016,Berwick-upon-Tweed Running,Adidas Running Trainers,outdoor,4.68,499,35:07:00,146,165,0,--,--,07:30,00:25,162,160
cycling,21/02/2016,2016,Rollers,Spinner Bike,indoor,11.1,380,30:14:00,143,166,0,--,--,22,29.3,--,--
cycling,20/02/2016,2016,Rollers,Spinner Bike,indoor,15.13,556,42:46:00,146,173,0,--,--,21.2,30.2,--,--
running,18/02/2016,2016,Berwick-upon-Tweed Running,Adidas Running Trainers,outdoor,6.16,672,45:27:00,156,175,0,--,--,07:23,04:55,168,167
running,17/02/2016,2016,Berwick-upon-Tweed Running,Adidas Running Trainers,outdoor,4.49,485,34:47:00,146,159,0,--,--,07:45,00:50,128,149
running,14/02/2016,2016,Berwick-upon-Tweed Running,Adidas Running Trainers,outdoor,4.13,409,30:19:00,147,165,0,--,--,07:20,04:05,193,204
cycling,13/02/2016,2016,Rollers,Spinner Bike,indoor,20.67,750,01:00:08,143,167,0,--,--,20.6,29.5,--,--
running,11/02/2016,2016,Berwick-upon-Tweed Running,Adidas Running Trainers,outdoor,7.07,793,53:51:00,159,178,0,--,--,07:37,00:25,404,382
cycling,09/02/2016,2016,Rollers,Spinner Bike,indoor,12.12,438,33:16:00,148,169,0,--,--,21.9,29.6,--,--
running,08/02/2016,2016,Berwick-upon-Tweed Running,Adidas Running Trainers,outdoor,3.54,368,26:40:00,154,172,0,--,--,07:32,05:21,146,148
cycling,07/02/2016,2016,Rollers,Spinner Bike,indoor,15.1,546,41:42:00,147,174,0,--,--,21.7,29.5,--,--
running,04/02/2016,2016,Berwick-upon-Tweed Running,Adidas Running Trainers,outdoor,5.89,723,43:35:00,171,181,0,--,--,07:24,05:29,268,251
cycling,02/02/2016,2016,Rollers,Spinner Bike,indoor,16.14,593,45:24:00,147,175,0,--,--,21.3,29.6,--,--
cycling,31/01/2016,2016,Indoor cycling,Spinner Bike,indoor,17.52,633,43:37:00,156,175,0,--,--,24.1,--,--,--
cycling,31/01/2016,2016,Rollers,Spinner Bike,indoor,12.61,506,35:21:00,156,170,0,--,--,21.4,28.6,--,--
cycling,26/01/2016,2016,Rollers,Spinner Bike,indoor,13.02,456,36:06:00,144,162,0,--,--,21.6,28.7,--,--
cycling,24/01/2016,2016,Rollers,Spinner Bike,indoor,15.06,528,41:45:00,144,170,0,--,--,21.6,29.1,--,--
cycling,23/01/2016,2016,Rollers,Spinner Bike,indoor,21.51,796,01:00:44,147,171,0,--,--,21.3,31.8,--,--
cycling,21/01/2016,2016,Rollers,Spinner Bike,indoor,13.03,479,35:29:00,150,170,0,--,--,22,29.5,--,--
cycling,19/01/2016,2016,Rollers,Spinner Bike,indoor,16.24,536,42:35:00,143,165,0,--,--,22.9,33.5,--,--
cycling,17/01/2016,2016,Indoor cycling,Spinner Bike,indoor,18.14,696,49:12:00,155,176,0,--,--,22.1,--,--,--
running,17/01/2016,2016,Berwick-upon-Tweed Running,Adidas Running Trainers,outdoor,4.43,482,31:34:00,163,176,0,--,--,07:07,05:12,249,247
cycling,16/01/2016,2016,Rollers,Spinner Bike,indoor,22.38,721,01:00:23,139,176,0,--,--,22.2,34.8,--,--
cycling,15/01/2016,2016,Rollers,Spinner Bike,indoor,11.03,367,31:33:00,136,161,0,--,--,21,28.2,--,--
cycling,12/01/2016,2016,Rollers,Spinner Bike,indoor,12.62,465,35:13:00,148,164,0,--,--,21.5,33.9,--,--
cycling,10/01/2016,2016,Rollers,Spinner Bike,indoor,20.68,776,01:00:14,146,168,0,--,--,20.6,32.9,--,--
cycling,09/01/2016,2016,Rollers,Spinner Bike,indoor,12.45,483,35:07:00,152,169,0,--,--,21.3,32.9,--,--
running,09/01/2016,2016,Berwick-upon-Tweed Running,Adidas Running Trainers,outdoor,4.1,455,31:38:00,158,172,0,--,--,07:43,05:46,171,172
running,05/01/2016,2016,Berwick-upon-Tweed Running,Adidas Running Trainers,outdoor,4.53,510,33:22:00,167,179,0,--,--,07:22,02:27,222,236
running,03/01/2016,2016,Berwick-upon-Tweed Running,Adidas Running Trainers,outdoor,4.07,448,30:59:00,161,180,0,--,--,07:37,05:41,180,162
running,31/12/2015,2015,Berwick-upon-Tweed Running,Nike Running Trainers,outdoor,4.05,445,30:26:00,164,183,0,--,--,07:30,05:50,212,208
running,30/12/2015,2015,Berwick-upon-Tweed Running,Nike Running Trainers,outdoor,4.19,490,32:03:00,167,185,0,--,--,07:39,04:50,185,175
running,29/12/2015,2015,Berwick-upon-Tweed Running,Nike Running Trainers,outdoor,4.06,475,30:11:00,170,188,0,--,--,07:26,05:43,211,214
running,28/12/2015,2015,Berwick-upon-Tweed Running,Nike Running Trainers,outdoor,4.08,480,31:07:00,165,183,0,--,--,07:38,05:58,148,148
cycling,17/12/2015,2015,Indoor cycling,Spinner Bike,indoor,0,426,31:07:00,148,180,0,--,--,--,--,--,--
cycling,15/12/2015,2015,Indoor cycling,Spinner Bike,indoor,0,423,30:16:00,151,175,0,--,--,--,--,--,--
cycling,10/12/2015,2015,Indoor cycling,Spinner Bike,indoor,0,402,30:20:00,143,174,0,--,--,--,--,--,--
cycling,08/12/2015,2015,Indoor cycling,Spinner Bike,indoor,0,431,32:29:00,144,172,0,--,--,--,--,--,--
cycling,05/12/2015,2015,Indoor cycling,Spinner Bike,indoor,0.02,395,30:20:00,143,173,0,--,--,0,1.4,--,--
running,01/12/2015,2015,Berwick-upon-Tweed Running,Nike Running Trainers,outdoor,4.47,501,32:33:00,166,182,0,--,--,07:16,05:48,257,255
running,22/11/2015,2015,Untitled,Nike Running Trainers,outdoor,0,434,34:48:00,140,166,0,--,--,--,--,--,--
running,17/11/2015,2015,Berwick-upon-Tweed Running,Nike Running Trainers,outdoor,5.42,661,40:21:00,170,182,0,--,--,07:27,01:06,162,159
cycling,15/11/2015,2015,Indoor cycling,Spinner Bike,indoor,0,533,39:38:00,140,164,0,--,--,--,--,--,--
cycling,14/11/2015,2015,Indoor cycling,Spinner Bike,indoor,0,419,30:24:00,140,149,0,--,--,--,--,--,--
running,01/11/2015,2015,Berwick-upon-Tweed Running,Nike Running Trainers,outdoor,4.63,553,32:41:00,164,183,0,--,--,07:04,05:26,167,177
cycling,31/10/2015,2015,Indoor cycling,Spinner Bike,indoor,0,496,33:12:00,146,168,0,--,--,--,--,--,--
running,29/10/2015,2015,Berwick-upon-Tweed Running,Nike Running Trainers,outdoor,4.07,506,28:31:00,166,180,0,--,--,07:01,05:18,160,158
cycling,21/10/2015,2015,Indoor cycling,Spinner Bike,indoor,0,540,35:14:00,145,172,0,--,--,--,--,--,--
cycling,17/10/2015,2015,Indoor cycling,Spinner Bike,indoor,0,702,41:12:00,161,184,0,--,--,--,--,--,--
running,09/10/2015,2015,Berwick-upon-Tweed Running,Nike Running Trainers,outdoor,4.6,514,32:03:00,153,171,0,--,--,06:58,05:31,212,211
running,08/10/2015,2015,Berwick-upon-Tweed Running,Nike Running Trainers,outdoor,4.66,501,31:45:00,156,176,0,--,--,06:49,04:03,169,165
running,04/10/2015,2015,Berwick-upon-Tweed Running,Nike Running Trainers,outdoor,4.03,452,27:34:00,158,172,0,--,--,06:51,01:23,158,146
cycling,03/10/2015,2015,Indoor cycling,Spinner Bike,indoor,0,687,45:02:00,152,176,0,--,--,--,--,--,--
running,02/10/2015,2015,Berwick-upon-Tweed Running,Nike Running Trainers,outdoor,5.41,571,38:04:00,156,169,0,--,--,07:02,03:27,188,211
running,30/09/2015,2015,Berwick-upon-Tweed Running,Nike Running Trainers,outdoor,4.12,448,30:08:00,149,167,0,--,--,07:19,02:36,160,155
running,27/09/2015,2015,Berwick-upon-Tweed Running,Nike Running Trainers,outdoor,6.24,714,43:16:00,162,179,0,--,--,06:56,04:41,206,208
cycling,24/09/2015,2015,Indoor cycling,Spinner Bike,indoor,0,723,49:11:00,153,183,0,--,--,--,--,--,--
running,22/09/2015,2015,Berwick-upon-Tweed Running,Nike Running Trainers,outdoor,3.4,383,25:19:00,151,166,0,--,--,07:26,05:46,143,146
running,21/09/2015,2015,Berwick-upon-Tweed Running,Nike Running Trainers,outdoor,4.07,476,31:44:00,148,163,0,--,--,07:48,01:47,133,157
cycling,19/09/2015,2015,Indoor cycling,Spinner Bike,indoor,0,659,41:29:00,157,179,0,--,--,--,--,--,--
cycling,17/09/2015,2015,Indoor cycling,Spinner Bike,indoor,0,708,43:18:00,164,182,0,--,--,--,--,--,--
running,10/09/2015,2015,Berwick-upon-Tweed Running,Nike Running Trainers,outdoor,6.05,680,43:01:00,157,175,0,--,--,07:06,04:48,176,175
cycling,07/09/2015,2015,Indoor cycling,Spinner Bike,indoor,0,694,46:16:00,151,179,0,--,--,--,--,--,--
cycling,05/09/2015,2015,Indoor cycling,Spinner Bike,indoor,0,664,45:37:00,151,173,0,--,--,--,--,--,--
running,04/09/2015,2015,Berwick-upon-Tweed Running,Nike Running Trainers,outdoor,5.55,625,41:44:00,151,172,0,--,--,07:31,05:52,258,245
cycling,02/09/2015,2015,Indoor cycling,Spinner Bike,indoor,0.03,682,45:41:00,154,181,0,--,--,0,146.3,--,--
running,31/08/2015,2015,Berwick-upon-Tweed Running,Nike Running Trainers,outdoor,6.12,692,46:32:00,151,170,0,--,--,07:37,04:51,197,327
cycling,30/08/2015,2015,Indoor cycling,Spinner Bike,indoor,0,726,50:27:00,149,180,0,--,--,--,--,--,--
cycling,29/08/2015,2015,Indoor cycling,Spinner Bike,indoor,0,706,48:26:00,153,180,0,--,--,--,--,--,--
cycling,26/08/2015,2015,Indoor cycling,Spinner Bike,indoor,0,774,51:11:00,156,177,0,--,--,--,--,--,--
cycling,22/08/2015,2015,Indoor cycling,Spinner Bike,indoor,0,617,40:33:00,155,181,0,--,--,--,--,--,--
cycling,19/08/2015,2015,Indoor cycling,Spinner Bike,indoor,0,666,49:39:00,146,182,0,--,--,--,--,--,--
cycling,17/08/2015,2015,Indoor cycling,Spinner Bike,indoor,0,686,47:29:00,150,181,0,--,--,--,--,--,--
cycling,16/08/2015,2015,Indoor cycling,Spinner Bike,indoor,18.7,706,47:45:00,--,--,0,--,--,23.5,--,--,--
cycling,11/08/2015,2015,Indoor cycling,Spinner Bike,indoor,16.8,610,41:14:00,--,--,0,--,--,24.4,--,--,--
running,11/08/2015,2015,Running,Nike Running Trainers,outdoor,0,--,41:36:00,--,95,0,--,--,--,--,--,--
cycling,10/08/2015,2015,Indoor cycling,Spinner Bike,indoor,17.5,721,50:57:00,151,179,0,--,--,20.6,--,--,--
cycling,09/08/2015,2015,Indoor cycling,Spinner Bike,indoor,19.29,679,47:15:00,151,179,0,--,--,24.5,--,--,--
cycling,08/08/2015,2015,Indoor cycling,Spinner Bike,indoor,16.9,665,46:41:00,153,181,0,--,--,21.7,--,--,--
cycling,05/08/2015,2015,Indoor cycling,Spinner Bike,indoor,17.89,739,51:04:00,153,183,0,--,--,21,--,--,--
cycling,03/08/2015,2015,Indoor cycling,Spinner Bike,indoor,20.23,710,52:45:00,146,179,0,--,--,23,--,--,--
cycling,02/08/2015,2015,Indoor cycling,Spinner Bike,indoor,18.78,685,46:33:00,151,179,0,--,--,24.2,--,--,--
cycling,01/08/2015,2015,Berwick-upon-Tweed Cycling,Scott Road Bike,outdoor,41.33,"2,261",02:19:57,--,--,0,--,--,17.7,31.5,"1,027","1,026"
running,27/07/2015,2015,Untitled,Nike Running Trainers,outdoor,0,--,00:02.3,114,114,0,--,--,--,--,--,--
cycling,27/07/2015,2015,Indoor cycling,Spinner Bike,indoor,18.66,678,45:28:00,155,176,0,--,--,24.6,--,--,--
running,27/07/2015,2015,Untitled,Nike Running Trainers,outdoor,0,6,00:25.4,127,131,0,--,--,--,--,--,--
cycling,26/07/2015,2015,Indoor cycling,Spinner Bike,indoor,19.89,713,51:51:00,148,182,0,--,--,23,--,--,--
cycling,25/07/2015,2015,Indoor cycling,Spinner Bike,indoor,18.92,719,47:36:00,156,181,0,--,--,23.8,--,--,--
cycling,22/07/2015,2015,Indoor cycling,Spinner Bike,indoor,21.5,755,58:46:00,131,182,0,--,--,22,--,--,--
cycling,20/07/2015,2015,Indoor cycling,Spinner Bike,indoor,20.1,807,56:35:00,151,178,0,--,--,21.3,--,--,--
cycling,19/07/2015,2015,Indoor cycling,Spinner Bike,indoor,20.12,770,52:30:00,153,180,0,--,--,23,--,--,--
cycling,15/07/2015,2015,Indoor cycling,Spinner Bike,indoor,20.2,822,01:00:55,145,178,0,--,--,19.9,--,--,--
cycling,13/07/2015,2015,Indoor cycling,Spinner Bike,indoor,19.5,694,48:45:00,151,175,0,--,--,24,--,--,--
cycling,12/07/2015,2015,Indoor cycling,Spinner Bike,indoor,19.5,646,43:46:00,153,177,0,--,--,26.7,--,--,--
cycling,11/07/2015,2015,Indoor cycling,Spinner Bike,indoor,19,747,51:24:00,152,179,0,--,--,22.2,--,--,--
running,08/07/2015,2015,Curfew Run,Nike Running Trainers,outdoor,1.32,126,07:45.5,166,179,0,--,--,05:53,04:18,80,68
cycling,08/07/2015,2015,Indoor cycling,Spinner Bike,indoor,18,635,42:52:00,153,176,0,--,--,25.2,--,--,--
cycling,07/07/2015,2015,Indoor cycling,Spinner Bike,indoor,17.5,769,55:45:00,143,173,0,--,--,18.8,--,--,--
cycling,06/07/2015,2015,Indoor cycling,Spinner Bike,indoor,19.5,842,01:00:37,144,179,0,--,--,19.3,--,--,--
cycling,04/07/2015,2015,Indoor cycling,Spinner Bike,indoor,18.68,712,49:27:00,151,176,0,--,--,22.7,--,--,--
cycling,01/07/2015,2015,Indoor cycling,Spinner Bike,indoor,21.2,859,01:00:45,152,184,0,--,--,20.9,--,--,--
cycling,29/06/2015,2015,Indoor cycling,Spinner Bike,indoor,19.5,691,50:26:00,150,177,0,--,--,23.2,--,--,--
cycling,28/06/2015,2015,Indoor cycling,Spinner Bike,indoor,19.5,866,59:16:00,155,180,0,--,--,19.7,--,--,--
cycling,27/06/2015,2015,Berwick-upon-Tweed Cycling,Scott Road Bike,outdoor,24.52,"1,290",01:28:02,--,--,0,--,--,16.7,29.7,737,735
running,27/06/2015,2015,Berwick-upon-Tweed Running,Nike Running Trainers,outdoor,24.91,"1,073",01:52:25,137,188,0,--,--,04:31,01:41,857,851
cycling,23/06/2015,2015,Indoor cycling,Spinner Bike,indoor,0,650,45:43:00,151,170,0,--,--,--,--,--,--
cycling,22/06/2015,2015,Indoor cycling,Spinner Bike,indoor,0,739,51:11:00,152,175,0,--,--,--,--,--,--
cycling,20/06/2015,2015,Indoor cycling,Spinner Bike,indoor,0,732,49:42:00,153,178,0,--,--,--,--,--,--
cycling,16/06/2015,2015,Indoor cycling,Spinner Bike,indoor,0,655,47:24:00,150,183,0,--,--,--,--,--,--
cycling,15/06/2015,2015,Indoor cycling,Spinner Bike,indoor,0,699,53:20:00,146,176,0,--,--,--,--,--,--
cycling,13/06/2015,2015,Indoor cycling,Spinner Bike,indoor,0,684,46:51:00,154,177,0,--,--,--,--,--,--
cycling,12/06/2015,2015,Berwick-upon-Tweed Cycling,Scott Road Bike,outdoor,29.21,"1,567",01:38:39,--,--,0,--,--,17.8,34.1,801,800
cycling,09/06/2015,2015,Indoor cycling,Spinner Bike,indoor,0,662,46:04:00,154,186,0,--,--,--,--,--,--
cycling,08/06/2015,2015,Indoor cycling,Spinner Bike,indoor,0,628,39:46:00,162,181,0,--,--,--,--,--,--
cycling,06/06/2015,2015,Indoor cycling,Spinner Bike,indoor,0,663,42:33:00,159,186,0,--,--,--,--,--,--
cycling,02/06/2015,2015,Indoor cycling,Spinner Bike,indoor,1.55,182,24:37:00,--,--,0,--,--,3.8,--,--,--
strength_training,02/06/2015,2015,Strength Training,none,indoor,"7,000",259,30:00:00,--,--,0,--,--,02:09,--,--,--
lap_swimming,27/05/2015,2015,Swimming,none,indoor,650,616,50:00:00,--,--,0,--,--,07:02,01:00:00,--,--
lap_swimming,26/05/2015,2015,Swimming,none,indoor,200,370,30:00:00,--,--,0,--,--,13:43,01:00:00,--,--
strength_training,26/05/2015,2015,Strength Training,none,indoor,"8,000",334,38:47:00,--,--,0,--,--,02:25,--,--,--
lap_swimming,25/05/2015,2015,Swimming,none,indoor,250,554,45:00:00,--,--,0,--,--,16:28,01:00:00,--,--
cycling,17/05/2015,2015,Berwick-upon-Tweed Cycling,Scott Road Bike,outdoor,16.17,762,01:10:08,--,--,0,--,--,13.8,27.7,571,542
running,10/05/2015,2015,Mid Berwickshire Ward Running,Nike Running Trainers,outdoor,17.39,"1,937",02:16:17,155,168,0,--,--,07:50,06:05,336,468
cycling,08/05/2015,2015,Berwick-upon-Tweed Cycling,Scott Road Bike,outdoor,24.22,"1,307",01:20:53,--,--,0,--,--,18,26.7,677,676
running,06/05/2015,2015,Berwick-upon-Tweed Running,Nike Running Trainers,outdoor,7.55,815,55:22:00,151,177,0,--,--,07:20,05:32,205,317
cycling,04/05/2015,2015,Berwick-upon-Tweed Cycling,Scott Road Bike,outdoor,30.28,"1,637",01:47:13,--,--,0,--,--,16.9,30.9,906,915
running,03/05/2015,2015,Berwick-upon-Tweed Running,Nike Running Trainers,outdoor,13.18,"1,343",01:42:24,145,178,0,--,--,07:46,05:58,493,491
running,29/04/2015,2015,Berwick-upon-Tweed Running,Nike Running Trainers,outdoor,6.25,665,44:20:00,147,168,0,--,--,07:05,04:41,241,348
running,27/04/2015,2015,Berwick-upon-Tweed Running,Nike Running Trainers,outdoor,6.2,653,43:42:00,149,170,0,--,--,07:03,03:42,174,169
running,26/04/2015,2015,Berwick-upon-Tweed Running,Nike Running Trainers,outdoor,15.17,"1,532",01:52:28,149,164,0,--,--,07:25,05:49,552,552
running,25/04/2015,2015,Berwick-upon-Tweed Carrera,Nike Running Trainers,outdoor,6.11,705,44:47:00,154,179,0,--,--,07:20,05:52,170,183
running,22/04/2015,2015,Berwick-upon-Tweed Carrera,Nike Running Trainers,outdoor,10.49,"1,134",01:15:44,153,165,0,--,--,07:13,05:21,360,356
running,20/04/2015,2015,Berwick-upon-Tweed Carrera,Nike Running Trainers,outdoor,6.15,652,43:24:00,154,180,0,--,--,07:04,05:51,214,229
running,18/04/2015,2015,Berwick-upon-Tweed Carrera,Nike Running Trainers,outdoor,18.01,"1,981",02:19:57,151,167,0,--,--,07:46,01:06,545,529
running,16/04/2015,2015,Berwick-upon-Tweed Carrera,Nike Running Trainers,outdoor,5.14,571,36:25:00,151,169,0,--,--,07:05,05:20,190,187
running,15/04/2015,2015,Berwick-upon-Tweed Carrera,Nike Running Trainers,outdoor,6.23,684,43:14:00,154,174,0,--,--,06:56,05:25,230,338
running,13/04/2015,2015,Berwick-upon-Tweed Carrera,Nike Running Trainers,outdoor,7.36,823,51:54:00,155,167,0,--,--,07:03,01:47,403,399
running,11/04/2015,2015,Berwick-upon-Tweed Carrera,Nike Running Trainers,outdoor,6.11,716,45:37:00,153,168,0,--,--,07:28,00:27,164,201
running,08/04/2015,2015,Berwick-upon-Tweed Carrera,Nike Running Trainers,outdoor,7.3,799,53:01:00,149,167,0,--,--,07:16,05:38,283,282
running,06/04/2015,2015,Berwick-upon-Tweed Carrera,Nike Running Trainers,outdoor,6.14,671,44:42:00,150,166,0,--,--,07:17,05:46,205,205
running,05/04/2015,2015,Berwick-upon-Tweed Carrera,Nike Running Trainers,outdoor,15.32,"1,718",01:55:24,153,165,0,--,--,07:32,05:28,617,614
running,04/04/2015,2015,Berwick-upon-Tweed Carrera,Nike Running Trainers,outdoor,5.14,567,35:59:00,152,173,0,--,--,07:00,05:31,157,148
running,03/04/2015,2015,Berwick-upon-Tweed Carrera,Nike Running Trainers,outdoor,8.19,940,59:05:00,153,170,0,--,--,07:13,05:26,398,398
running,30/03/2015,2015,Berwick-upon-Tweed Carrera,Nike Running Trainers,outdoor,5.5,589,39:05:00,148,167,0,--,--,07:07,03:46,166,174
running,29/03/2015,2015,Berwick-upon-Tweed Running,Nike Running Trainers,outdoor,10.32,"1,194",01:14:46,154,167,0,--,--,07:15,05:26,436,419
running,25/03/2015,2015,Berwick-upon-Tweed Carrera,Nike Running Trainers,outdoor,6.15,681,42:36:00,152,177,0,--,--,06:55,05:20,186,186
running,23/03/2015,2015,Berwick-upon-Tweed Running,Nike Running Trainers,outdoor,7.01,777,52:12:00,146,165,0,--,--,07:27,05:37,280,264
running,18/03/2015,2015,Berwick-upon-Tweed Running,Nike Running Trainers,outdoor,7.38,773,55:47:00,143,167,0,--,--,07:33,05:28,293,302
running,16/03/2015,2015,Berwick-upon-Tweed Running,Nike Running Trainers,outdoor,4.04,427,29:34:00,143,159,0,--,--,07:19,05:02,177,183
running,14/03/2015,2015,Berwick-upon-Tweed Running,Nike Running Trainers,outdoor,13.25,"1,456",01:40:20,152,178,0,--,--,07:34,05:32,543,554
running,11/03/2015,2015,Berwick-upon-Tweed Running,Nike Running Trainers,outdoor,6.17,669,47:14:00,141,159,0,--,--,07:39,04:19,337,324
running,10/03/2015,2015,Berwick-upon-Tweed Running,Nike Running Trainers,outdoor,6.02,633,44:44:00,143,161,0,--,--,07:26,05:41,253,251
running,08/03/2015,2015,Berwick-upon-Tweed Running,Nike Running Trainers,outdoor,10.35,"1,164",01:17:43,151,166,0,--,--,07:31,02:54,479,476
running,06/03/2015,2015,Berwick-upon-Tweed Running,Nike Running Trainers,outdoor,5.1,602,38:33:00,149,167,0,--,--,07:34,05:07,173,188
running,04/03/2015,2015,Berwick-upon-Tweed Running,Nike Running Trainers,outdoor,5.08,554,37:41:00,145,164,0,--,--,07:25,04:57,135,181
running,02/03/2015,2015,Berwick-upon-Tweed Running,Nike Running Trainers,outdoor,5.1,538,40:19:00,139,157,0,--,--,07:54,06:22,151,145
running,01/03/2015,2015,Berwick-upon-Tweed Running,Nike Running Trainers,outdoor,9.03,"1,046",01:07:17,154,166,0,--,--,07:27,05:35,394,394
running,28/02/2015,2015,Berwick-upon-Tweed Running,Nike Running Trainers,outdoor,4.49,512,33:32:00,152,168,0,--,--,07:28,02:40,190,208
running,25/02/2015,2015,Berwick-upon-Tweed Running,Nike Running Trainers,outdoor,6.16,704,44:24:00,156,174,0,--,--,07:13,04:44,197,201
running,23/02/2015,2015,Berwick-upon-Tweed Running,Nike Running Trainers,outdoor,5.08,579,39:43:00,147,164,0,--,--,07:49,06:04,193,193
running,21/02/2015,2015,Berwick-upon-Tweed Running,Nike Running Trainers,outdoor,8.25,978,59:13:00,159,170,0,--,--,07:10,05:25,425,405
running,20/02/2015,2015,Berwick-upon-Tweed Running,Nike Running Trainers,outdoor,4.43,481,31:55:00,149,169,0,--,--,07:13,05:30,143,142
running,18/02/2015,2015,Berwick-upon-Tweed Running,Nike Running Trainers,outdoor,5.45,640,39:56:00,153,173,0,--,--,07:19,04:37,214,270
running,16/02/2015,2015,Berwick-upon-Tweed Running,Nike Running Trainers,outdoor,4.44,486,32:43:00,146,162,0,--,--,07:22,00:30,185,233
running,14/02/2015,2015,Berwick-upon-Tweed Running,Nike Running Trainers,outdoor,6.16,693,43:55:00,156,169,0,--,--,07:08,05:19,178,166
running,13/02/2015,2015,Berwick-upon-Tweed Running,Nike Running Trainers,outdoor,4.5,505,33:18:00,150,168,0,--,--,07:24,04:58,141,144
running,11/02/2015,2015,Berwick-upon-Tweed Running,Nike Running Trainers,outdoor,5.42,625,42:48:00,145,159,0,--,--,07:53,05:48,169,166
cycling,08/02/2015,2015,Berwick-upon-Tweed Cycling,Scott Road Bike,outdoor,30.03,"1,571",01:46:53,--,--,0,--,--,16.9,29.1,769,754
running,06/02/2015,2015,Berwick-upon-Tweed Running,Nike Running Trainers,outdoor,4.24,468,30:49:00,149,168,0,--,--,07:16,04:22,151,245
running,04/02/2015,2015,Berwick-upon-Tweed Running,Nike Running Trainers,outdoor,5.63,625,42:36:00,149,163,0,--,--,07:34,03:27,171,233
running,02/02/2015,2015,Berwick-upon-Tweed Running,Nike Running Trainers,outdoor,4.48,495,34:14:00,149,166,0,--,--,07:39,05:21,152,153
running,31/01/2015,2015,Berwick-upon-Tweed Running,Nike Running Trainers,outdoor,6.77,760,49:14:00,159,168,0,--,--,07:17,04:20,322,321
running,30/01/2015,2015,Berwick-upon-Tweed Running,Nike Running Trainers,outdoor,4.49,479,33:49:00,153,165,0,--,--,07:31,05:10,163,155
running,28/01/2015,2015,Berwick-upon-Tweed Running,Nike Running Trainers,outdoor,5.65,623,42:18:00,158,170,0,--,--,07:29,05:37,199,249
running,26/01/2015,2015,Berwick-upon-Tweed Running,Nike Running Trainers,outdoor,4.15,436,30:45:00,155,169,0,--,--,07:25,05:49,220,217
running,26/01/2015,2015,Running,Nike Running Trainers,outdoor,0,8,00:54.2,119,138,0,--,--,--,--,--,--
running,26/01/2015,2015,Running,Nike Running Trainers,outdoor,0,7,00:48.7,116,129,0,--,--,--,--,--,--
running,24/01/2015,2015,Berwick-upon-Tweed Running,Nike Running Trainers,outdoor,6.1,696,44:18:00,170,179,0,--,--,07:15,04:35,157,164
running,24/01/2015,2015,Running,Nike Running Trainers,outdoor,0,8,00:47.6,129,151,0,--,--,--,--,--,--
running,22/01/2015,2015,Berwick-upon-Tweed Running,Nike Running Trainers,outdoor,4.1,428,30:32:00,161,176,0,--,--,07:27,00:26,157,167
running,21/01/2015,2015,Berwick-upon-Tweed Running,Nike Running Trainers,outdoor,5.35,460,40:16:00,160,177,0,--,--,07:31,00:30,311,319
running,19/01/2015,2015,Berwick-upon-Tweed Running,Nike Running Trainers,outdoor,4.24,221,31:47:00,159,178,0,--,--,07:30,02:57,175,175
running,19/01/2015,2015,Untitled,Nike Running Trainers,outdoor,0,--,00:01.3,70,70,0,--,--,--,--,--,--
running,18/01/2015,2015,10k Treadmill Run,Nike Running Trainers,outdoor,6.1,335,45:16:00,164,183,0,--,--,07:25,--,--,--
running,18/01/2015,2015,Running,Nike Running Trainers,outdoor,0,--,00:00.8,117,117,0,--,--,--,--,--,--
running,17/01/2015,2015,Berwick-upon-Tweed Running,Nike Running Trainers,outdoor,0.42,753,55:46:00,157,187,0,--,--,--,04:35,18,--
running,17/01/2015,2015,Berwick-upon-Tweed Running,Nike Running Trainers,outdoor,0.42,40,03:10.7,147,161,0,--,--,07:31,06:22,--,17
running,16/01/2015,2015,Untitled,Nike Running Trainers,outdoor,0,1,00:06.0,--,--,0,--,--,31:29:00,08:42,--,--
running,16/01/2015,2015,Berwick-upon-Tweed Running,Nike Running Trainers,outdoor,0,--,00:01.1,--,--,0,--,--,--,--,--,--
cycling,03/01/2015,2015,Indoor cycling,Spinner Bike,indoor,0,751,48:54:00,--,--,0,--,--,--,--,--,--
running,01/01/2015,2015,New Year 10k Run,Nike Running Trainers,outdoor,6.07,295,43:29:00,--,--,0,--,--,07:10,05:20,147,147
cycling,30/12/2014,2014,Spinning ,Spinner Bike,indoor,0,481,48:45:00,--,--,0,--,--,--,--,--,--
running,29/12/2014,2014,10k Treadmill Run,Nike Running Trainers,outdoor,6.1,761,45:45:00,--,--,0,--,--,--,--,--,--
running,23/12/2014,2014,Easy 10k,Nike Running Trainers,outdoor,6.4,745,48:24:00,--,--,0,--,--,07:34,--,--,--
cycling,22/12/2014,2014,Indoor cycling,Spinner Bike,indoor,0,649,48:20:00,--,--,0,--,--,--,--,--,--
cycling,20/12/2014,2014,Indoor cycling,Spinner Bike,indoor,0,765,50:06:00,--,--,0,--,--,--,--,--,--
cycling,18/12/2014,2014,Indoor cycling,Spinner Bike,indoor,0,571,40:08:00,--,--,0,--,--,--,--,--,--
cycling,15/12/2014,2014,Indoor cycling,Spinner Bike,indoor,0,723,49:32:00,--,--,0,--,--,--,--,--,--
cycling,13/12/2014,2014,Indoor cycling,Spinner Bike,indoor,0,830,53:02:00,--,--,0,--,--,--,--,--,--
cycling,11/12/2014,2014,Indoor cycling,Spinner Bike,indoor,0,721,50:33:00,--,--,0,--,--,--,--,--,--
cycling,08/12/2014,2014,Indoor cycling,Spinner Bike,indoor,0,618,45:20:00,--,--,0,--,--,--,--,--,--
cycling,07/12/2014,2014,Berwick-upon-Tweed Cycling,Scott Road Bike,outdoor,36.22,"1,820",02:27:27,--,--,0,--,--,14.7,29.9,"1,001",911
cycling,02/12/2014,2014,Indoor cycling,Spinner Bike,indoor,0,649,48:25:00,--,--,0,--,--,--,--,--,--
cycling,01/12/2014,2014,Indoor cycling,Spinner Bike,indoor,0,760,48:04:00,--,--,0,--,--,--,--,--,--
cycling,27/11/2014,2014,Indoor cycling,Spinner Bike,indoor,0,743,43:46:00,--,--,0,--,--,--,--,--,--
cycling,25/11/2014,2014,Indoor cycling,Spinner Bike,indoor,0,808,48:44:00,--,--,0,--,--,--,--,--,--
cycling,10/11/2014,2014,Indoor cycling,Spinner Bike,indoor,0,615,47:24:00,--,--,0,--,--,--,--,--,--
cycling,08/11/2014,2014,Indoor cycling,Spinner Bike,indoor,0,618,40:59:00,--,--,0,--,--,--,--,--,--
cycling,06/11/2014,2014,Indoor cycling,Spinner Bike,indoor,0,693,44:06:00,--,--,0,--,--,--,--,--,--
cycling,03/11/2014,2014,Indoor cycling,Spinner Bike,indoor,0,654,46:07:00,--,--,0,--,--,--,--,--,--
cycling,01/11/2014,2014,Berwick-upon-Tweed Cycling,Scott Road Bike,outdoor,28.93,"1,578",01:38:08,--,--,0,--,--,17.7,31.2,786,786
cycling,28/10/2014,2014,Indoor cycling,Spinner Bike,indoor,0,555,39:27:00,--,--,0,--,--,--,--,--,--
cycling,27/10/2014,2014,Indoor cycling,Spinner Bike,indoor,0,616,45:45:00,--,--,0,--,--,--,--,--,--
cycling,25/10/2014,2014,Indoor cycling,Spinner Bike,indoor,0,687,47:00:00,--,--,0,--,--,--,--,--,--
cycling,21/10/2014,2014,Indoor cycling,Spinner Bike,indoor,0,687,36:32:00,--,--,0,--,--,--,--,--,--
cycling,20/10/2014,2014,Indoor cycling,Spinner Bike,indoor,0,687,39:00:00,--,--,0,--,--,--,--,--,--
cycling,19/10/2014,2014,Berwick-upon-Tweed Cycling,Scott Road Bike,outdoor,56.94,"3,108",03:25:23,--,--,0,--,--,16.6,36.2,"1,312","1,286"
cycling,14/10/2014,2014,Indoor cycling,Spinner Bike,indoor,0,435,41:32:00,--,--,0,--,--,--,--,--,--
cycling,13/10/2014,2014,Indoor cycling,Spinner Bike,indoor,0,435,39:00:00,--,--,0,--,--,--,--,--,--
cycling,12/10/2014,2014,Berwick-upon-Tweed Cycling,Scott Road Bike,outdoor,31.99,"1,934",01:50:28,--,--,0,--,--,17.4,33.5,973,961
cycling,12/10/2014,2014,Berwick-upon-Tweed Cycling,Scott Road Bike,outdoor,52.64,"3,089",03:13:46,--,--,0,--,--,16.3,36.5,"2,474","2,467"
cycling,11/10/2014,2014,Indoor cycling,Spinner Bike,indoor,0,435,41:12:00,--,--,0,--,--,--,--,--,--
cycling,07/10/2014,2014,Indoor cycling,Spinner Bike,indoor,0,435,40:33:00,--,--,0,--,--,--,--,--,--
cycling,06/10/2014,2014,Indoor cycling,Spinner Bike,indoor,0,435,39:15:00,--,--,0,--,--,--,--,--,--
running,04/10/2014,2014,Untitled,Nike Running Trainers,outdoor,4.99,335,36:13:00,--,--,0,--,--,07:15,04:43,145,145
running,01/10/2014,2014,Treadmill Run ,Nike Running Trainers,outdoor,4.1,--,28:39:00,--,--,0,--,--,--,--,--,--
running,30/09/2014,2014,Treadmill Run,Nike Running Trainers,outdoor,5.1,--,36:20:00,--,--,0,--,--,--,--,--,--
running,28/09/2014,2014,Berwick-upon-Tweed Running,Nike Running Trainers,outdoor,5.26,150,38:28:00,--,--,0,--,--,07:19,05:29,230,251
cycling,27/09/2014,2014,Berwick-upon-Tweed Cycling,Scott Road Bike,outdoor,27.17,"1,596",01:34:56,--,--,0,--,--,17.2,31.3,917,916
cycling,24/09/2014,2014,Berwick-upon-Tweed Cycling,Scott Road Bike,outdoor,28.44,"1,610",01:37:34,--,--,0,--,--,17.5,28.6,634,633
running,23/09/2014,2014,Berwick-upon-Tweed Running,Nike Running Trainers,outdoor,8.12,506,01:01:07,--,--,0,--,--,07:32,05:55,397,374
running,17/09/2014,2014,Berwick-upon-Tweed Running,Nike Running Trainers,outdoor,3.94,187,28:48:00,--,--,0,--,--,07:19,05:53,159,156
running,16/09/2014,2014,Untitled,Nike Running Trainers,outdoor,5.58,275,40:33:00,--,--,0,--,--,07:16,03:32,134,132
cycling,14/09/2014,2014,Berwick-upon-Tweed Cycling,Scott Road Bike,outdoor,51.81,"2,994",03:11:48,--,--,0,--,--,16.2,32.2,"2,213","2,222"
cycling,12/09/2014,2014,Berwick-upon-Tweed Cycling,Scott Road Bike,outdoor,16.89,979,56:30:00,--,--,0,--,--,17.9,34.4,507,509
cycling,06/09/2014,2014,Berwick-upon-Tweed Cycling,Scott Road Bike,outdoor,31.61,"1,808",01:47:49,--,--,0,--,--,17.6,29,739,744
cycling,04/09/2014,2014,Berwick-upon-Tweed Cycling,Scott Road Bike,outdoor,0.35,79,02:36.1,--,--,0,--,--,8.1,21.6,176,--
cycling,04/09/2014,2014,Berwick-upon-Tweed Cycling,Scott Road Bike,outdoor,0.66,20,04:08.8,--,--,0,--,--,9.6,21.8,10,246
cycling,04/09/2014,2014,Berwick-upon-Tweed Cycling,Scott Road Bike,outdoor,0.86,83,04:48.2,--,--,0,--,--,10.7,21.6,198,245
cycling,31/08/2014,2014,Berwick-upon-Tweed Cycling,Scott Road Bike,outdoor,15.04,943,49:02:00,--,--,0,--,--,18.4,31.5,572,553
cycling,30/08/2014,2014,Berwick-upon-Tweed Cycling,Scott Road Bike,outdoor,33.49,"1,970",01:56:10,--,--,0,--,--,17.3,32.5,981,985
cycling,28/08/2014,2014,Berwick-upon-Tweed Cycling,Scott Road Bike,outdoor,7.56,432,25:23:00,--,--,0,--,--,17.9,28.8,192,196
cycling,28/08/2014,2014,Berwick-upon-Tweed Cycling,Scott Road Bike,outdoor,10.06,611,26:26:00,--,--,0,--,--,22.8,29.7,111,101
cycling,28/08/2014,2014,Berwick-upon-Tweed Cycling,Scott Road Bike,outdoor,5.35,293,17:12,--,--,0,--,--,18.7,28.3,57,46
cycling,28/08/2014,2014,Berwick-upon-Tweed Cycling,Scott Road Bike,outdoor,6.62,349,24:05:00,--,--,0,--,--,16.5,26.7,156,132
running,22/08/2014,2014,Berwick-upon-Tweed Running,Nike Running Trainers,outdoor,4.66,228,33:54:00,--,--,0,--,--,07:16,05:21,163,155
running,18/08/2014,2014,Berwick-upon-Tweed Running,Nike Running Trainers,outdoor,5.12,252,38:00:00,--,--,0,--,--,07:25,05:40,177,152
cycling,16/08/2014,2014,Berwick-upon-Tweed Cycling,Scott Road Bike,outdoor,21.36,"1,275",01:19:16,--,--,0,--,--,16.2,33,"1,211","1,210"
cycling,14/08/2014,2014,Berwick-upon-Tweed Cycling,Scott Road Bike,outdoor,6.56,378,21:17,--,--,0,--,--,18.5,31.1,167,197
cycling,14/08/2014,2014,Berwick-upon-Tweed Cycling,Scott Road Bike,outdoor,10.06,638,26:35:00,--,--,0,--,--,22.7,26.6,125,99
cycling,14/08/2014,2014,Berwick-upon-Tweed Cycling,Scott Road Bike,outdoor,2.74,157,08:43.7,--,--,0,--,--,18.8,25.6,19,28
cycling,14/08/2014,2014,Berwick-upon-Tweed Cycling,Scott Road Bike,outdoor,6.62,360,22:02,--,--,0,--,--,18,30.2,159,133
running,11/08/2014,2014,Berwick-upon-Tweed Running,Nike Running Trainers,outdoor,4.28,233,33:13:00,--,--,0,--,--,07:46,05:39,118,122
cycling,09/08/2014,2014,Berwick-upon-Tweed Cycling,Scott Road Bike,outdoor,30.04,"1,781",01:38:51,--,--,0,--,--,18.2,30.9,821,800
cycling,07/08/2014,2014,Berwick-upon-Tweed Cycling,Scott Road Bike,outdoor,15.13,921,41:25:00,--,--,0,--,--,21.9,30.6,172,170
cycling,07/08/2014,2014,Berwick-upon-Tweed Cycling,Scott Road Bike,outdoor,4.61,262,15:15,--,--,0,--,--,18.1,26.4,53,57
cycling,05/08/2014,2014,Berwick-upon-Tweed Cycling,Scott Road Bike,outdoor,23.62,"1,406",01:26:02,--,--,0,--,--,16.5,35.2,"1,266","1,257"
cycling,03/08/2014,2014,Berwick-upon-Tweed Cycling,Scott Road Bike,outdoor,26.65,"1,483",01:30:56,--,--,0,--,--,17.6,31.9,620,621
cycling,28/07/2014,2014,Berwick-upon-Tweed Cycling,Scott Road Bike,outdoor,0.15,13,30:02:00,--,--,0,--,--,0.3,7.5,--,--
cycling,28/07/2014,2014,Berwick-upon-Tweed Cycling,Scott Road Bike,outdoor,0,--,00:02.2,--,--,0,--,--,--,--,--,--
cycling,26/07/2014,2014,Berwick-upon-Tweed Cycling,Scott Road Bike,outdoor,36.82,"2,058",02:00:32,--,--,0,--,--,18.3,29.6,872,872
cycling,24/07/2014,2014,Berwick-upon-Tweed Cycling,Scott Road Bike,outdoor,1.84,85,08:43.4,--,--,0,--,--,12.7,18.4,31,22
cycling,24/07/2014,2014,Berwick-upon-Tweed Cycling,Scott Road Bike,outdoor,10.13,635,27:22:00,--,--,0,--,--,22.2,28.4,193,192
cycling,24/07/2014,2014,Berwick-upon-Tweed Cycling,Scott Road Bike,outdoor,3.89,203,13:31,--,--,0,--,--,17.3,27.5,5,36
cycling,22/07/2014,2014,Berwick-upon-Tweed Cycling,Scott Road Bike,outdoor,32.04,"1,893",01:48:16,--,--,0,--,--,17.8,31.4,"1,012",990
cycling,20/07/2014,2014,Berwick-upon-Tweed Cycling,Scott Road Bike,outdoor,50.92,"2,941",02:55:14,--,--,0,--,--,17.4,39.7,"1,935","1,917"
running,19/07/2014,2014,Berwick-upon-Tweed Running,Nike Running Trainers,outdoor,3.98,121,29:51:00,--,--,0,--,--,07:30,05:39,155,128
running,17/07/2014,2014,Berwick-upon-Tweed Running,Nike Running Trainers,outdoor,5.34,247,39:26:00,--,--,0,--,--,07:23,05:27,200,201
cycling,15/07/2014,2014,Berwick-upon-Tweed Cycling,Scott Road Bike,outdoor,24.43,"1,478",01:20:42,--,--,0,--,--,18.2,38.8,"1,098","1,094"
running,13/07/2014,2014,Berwick-upon-Tweed Running,Nike Running Trainers,outdoor,5.14,314,38:57:00,--,--,0,--,--,07:35,05:50,311,311
cycling,12/07/2014,2014,Berwick-upon-Tweed Cycling,Scott Road Bike,outdoor,38.8,"2,321",02:11:54,--,--,0,--,--,17.6,29.4,"1,320","1,328"
running,11/07/2014,2014,Berwick-upon-Tweed Running,Nike Running Trainers,outdoor,3.93,205,27:58:00,--,--,0,--,--,07:07,05:19,151,126
cycling,10/07/2014,2014,Berwick-upon-Tweed Cycling,Scott Road Bike,outdoor,15.32,964,43:08:00,--,--,0,--,--,21.3,29.5,151,146
cycling,10/07/2014,2014,Berwick-upon-Tweed Cycling,Scott Road Bike,outdoor,4.36,239,14:43,--,--,0,--,--,17.8,23.9,30,33
cycling,08/07/2014,2014,Berwick-upon-Tweed Cycling,Scott Road Bike,outdoor,23.63,"1,391",01:20:14,--,--,0,--,--,17.7,30.8,997,973
cycling,06/07/2014,2014,Berwick-upon-Tweed Cycling,Scott Road Bike,outdoor,23.63,"1,398",01:20:55,--,--,0,--,--,17.5,30.8,"1,029","1,003"
running,05/07/2014,2014,Berwick-upon-Tweed Running,Nike Running Trainers,outdoor,4.01,183,29:08:00,--,--,0,--,--,07:15,05:49,125,127
cycling,04/07/2014,2014,Berwick-upon-Tweed Cycling,Scott Road Bike,outdoor,28.27,"1,647",01:33:36,--,--,0,--,--,18.1,28.3,658,662
cycling,03/07/2014,2014,Berwick-upon-Tweed Cycling,Scott Road Bike,outdoor,10.6,608,29:11:00,--,--,0,--,--,21.8,31.3,124,124
cycling,03/07/2014,2014,Berwick-upon-Tweed Cycling,Scott Road Bike,outdoor,2.6,146,08:59.3,--,--,0,--,--,17.3,24.1,27,21
cycling,30/06/2014,2014,Berwick-upon-Tweed Cycling,Scott Road Bike,outdoor,15,895,49:44:00,--,--,0,--,--,18.1,28.6,529,521
cycling,26/06/2014,2014,Berwick-upon-Tweed Cycling,Scott Road Bike,outdoor,14.98,880,51:14:00,--,--,0,--,--,17.5,30.8,550,528
cycling,21/06/2014,2014,Berwick-upon-Tweed Cycling,Scott Road Bike,outdoor,105.29,"6,327",06:37:24,--,--,0,--,--,15.9,43.2,"5,939","5,924"
cycling,21/06/2014,2014,Berwick-upon-Tweed Cycling,Scott Road Bike,outdoor,5.61,250,25:58:00,--,--,0,--,--,13,18.3,39,50
cycling,15/06/2014,2014,Berwick-upon-Tweed Cycling,Scott Road Bike,outdoor,61.03,"3,720",03:34:33,--,--,0,--,--,17.1,40.7,"2,926","2,924"
cycling,12/06/2014,2014,Berwick-upon-Tweed Cycling,Scott Road Bike,outdoor,15.15,926,41:39:00,--,--,0,--,--,21.8,29.4,174,165
cycling,12/06/2014,2014,Berwick-upon-Tweed Cycling,Scott Road Bike,outdoor,3.85,210,12:18,--,--,0,--,--,18.8,29.4,33,28
cycling,11/06/2014,2014,Berwick-upon-Tweed Cycling,Scott Road Bike,outdoor,22.28,"1,279",01:11:55,--,--,0,--,--,18.6,29.6,456,458
cycling,07/06/2014,2014,Berwick-upon-Tweed Cycling,Scott Road Bike,outdoor,62.88,"3,714",03:47:14,--,--,0,--,--,16.6,43.5,"3,074","3,070"
cycling,05/06/2014,2014,Berwick-upon-Tweed Cycling,Scott Road Bike,outdoor,1.15,60,05:30.2,--,--,0,--,--,12.6,20.9,20,--
cycling,05/06/2014,2014,Berwick-upon-Tweed Cycling,Scott Road Bike,outdoor,10.16,628,26:14:00,--,--,0,--,--,23.2,28.1,123,96
cycling,05/06/2014,2014,Berwick-upon-Tweed Cycling,Scott Road Bike,outdoor,8.17,433,28:04:00,--,--,0,--,--,17.5,27.3,95,135
cycling,03/06/2014,2014,Berwick-upon-Tweed Cycling,Scott Road Bike,outdoor,23.63,"1,429",01:16:14,--,--,0,--,--,18.6,36.3,974,953
cycling,31/05/2014,2014,Berwick-upon-Tweed Cycling,Scott Road Bike,outdoor,31.69,"1,822",01:52:19,--,--,0,--,--,16.9,29.4,"1,078","1,053"
cycling,29/05/2014,2014,Berwick-upon-Tweed Cycling,Scott Road Bike,outdoor,25.51,"1,617",01:14:15,--,--,0,--,--,20.6,30.8,432,432
cycling,29/05/2014,2014,Berwick-upon-Tweed Cycling,Scott Road Bike,outdoor,3.38,222,11:24,--,--,0,--,--,17.8,27.7,24,22
cycling,26/05/2014,2014,Berwick-upon-Tweed Cycling,Scott Road Bike,outdoor,16.03,920,54:41:00,--,--,0,--,--,17.6,39.4,549,524
cycling,25/05/2014,2014,Berwick-upon-Tweed Cycling,Scott Road Bike,outdoor,29.16,"1,678",01:34:39,--,--,0,--,--,18.5,38.5,781,758
cycling,24/05/2014,2014,Berwick-upon-Tweed Cycling,Scott Road Bike,outdoor,30.65,"1,546",02:03:12,--,--,0,--,--,14.9,26.1,709,707
cycling,22/05/2014,2014,Berwick-upon-Tweed Cycling,Scott Road Bike,outdoor,16.64,"1,082",50:30:00,--,--,0,--,--,19.8,35.9,"1,117","1,115"
cycling,22/05/2014,2014,Berwick-upon-Tweed Cycling,Scott Road Bike,outdoor,1.26,72,04:25.1,--,--,0,--,--,17.2,26,6,--
cycling,20/05/2014,2014,Berwick-upon-Tweed Cycling,Scott Road Bike,outdoor,27.64,"1,654",01:31:01,--,--,0,--,--,18.2,29.8,789,787
cycling,11/05/2014,2014,Berwick-upon-Tweed Cycling,Scott Road Bike,outdoor,29.09,--,01:36:00,--,--,0,--,--,18.2,28.9,551,552
cycling,08/05/2014,2014,Berwick-upon-Tweed Cycling,Scott Road Bike,outdoor,25.55,"1,560",01:08:55,--,--,0,--,--,22.2,33,510,508
cycling,08/05/2014,2014,Berwick-upon-Tweed Cycling,Scott Road Bike,outdoor,3.65,200,12:10,--,--,0,--,--,18,26.6,29,30
cycling,07/05/2014,2014,Berwick-upon-Tweed Cycling,Scott Road Bike,outdoor,0,--,54:08:00,--,--,0,--,--,--,--,--,--
cycling,05/05/2014,2014,Berwick-upon-Tweed Cycling,Scott Road Bike,outdoor,30.37,"1,825",01:35:51,--,--,0,--,--,19,31.6,678,681
cycling,03/05/2014,2014,Berwick-upon-Tweed Cycling,Scott Road Bike,outdoor,16.06,973,52:36:00,--,--,0,--,--,18.3,30.3,547,544
cycling,01/05/2014,2014,Berwick-upon-Tweed Cycling,Scott Road Bike,outdoor,15.15,960,40:49:00,--,--,0,--,--,22.3,30.1,177,172
cycling,01/05/2014,2014,Berwick-upon-Tweed Cycling,Scott Road Bike,outdoor,2.59,142,09:11.9,--,--,0,--,--,16.9,29.4,25,24
cycling,30/04/2014,2014,Berwick-upon-Tweed Cycling,Scott Road Bike,outdoor,0,--,35:01:00,--,--,0,--,--,--,--,--,--
cycling,26/04/2014,2014,Berwick-upon-Tweed Cycling,Scott Road Bike,outdoor,88.75,"5,405",05:38:30,--,--,0,--,--,15.7,38.4,"5,812","5,818"
cycling,24/04/2014,2014,Berwick-upon-Tweed Cycling,Scott Road Bike,outdoor,10.56,654,29:35:00,--,--,0,--,--,21.4,27,118,115
cycling,24/04/2014,2014,Berwick-upon-Tweed Cycling,Scott Road Bike,outdoor,4.51,275,18:37,--,--,0,--,--,14.5,28.9,53,49
cycling,23/04/2014,2014,Berwick-upon-Tweed Cycling,Scott Road Bike,outdoor,15.97,936,53:42:00,--,--,0,--,--,17.8,32.4,644,645
cycling,20/04/2014,2014,Berwick-upon-Tweed Cycling,Scott Road Bike,outdoor,31.58,"1,841",01:44:05,--,--,0,--,--,18.2,28.6,"1,158","1,165"
cycling,19/04/2014,2014,Berwick-upon-Tweed Cycling,Scott Road Bike,outdoor,32.07,"1,846",01:48:11,--,--,0,--,--,17.8,30.9,"1,365","1,312"
cycling,17/04/2014,2014,Berwick-upon-Tweed Cycling,Scott Road Bike,outdoor,10.18,588,28:38:00,--,--,0,--,--,21.3,28.9,123,106
cycling,17/04/2014,2014,Berwick-upon-Tweed Cycling,Scott Road Bike,outdoor,4.55,258,15:07,--,--,0,--,--,18.1,28.4,61,62
cycling,16/04/2014,2014,Berwick-upon-Tweed Cycling,Scott Road Bike,outdoor,28.94,"1,674",01:36:23,--,--,0,--,--,18,30.3,656,655
cycling,13/04/2014,2014,Berwick-upon-Tweed Cycling,Scott Road Bike,outdoor,10.24,537,22:45,--,--,0,--,--,27,37.8,135,354
cycling,13/04/2014,2014,Berwick-upon-Tweed Cycling,Scott Road Bike,outdoor,3.73,209,20:26,--,--,0,--,--,11,30.7,138,95
cycling,12/04/2014,2014,Berwick-upon-Tweed Cycling,Scott Road Bike,outdoor,3.96,220,14:32,--,--,0,--,--,16.3,29.5,167,240
cycling,10/04/2014,2014,Berwick-upon-Tweed Cycling,Scott Road Bike,outdoor,10.48,568,31:25:00,--,--,0,--,--,20,31.7,116,110
cycling,10/04/2014,2014,Berwick-upon-Tweed Cycling,Scott Road Bike,outdoor,4,228,14:52,--,--,0,--,--,16.2,27.8,72,57
cycling,08/04/2014,2014,Berwick-upon-Tweed Cycling,Scott Road Bike,outdoor,0.01,--,35:08:00,--,--,0,--,--,0,--,--,--
cycling,06/04/2014,2014,Berwick-upon-Tweed Cycling,Scott Road Bike,outdoor,0,--,50:01:00,--,--,0,--,--,--,--,--,--
cycling,05/04/2014,2014,Berwick-upon-Tweed Cycling,Scott Road Bike,outdoor,30.31,"1,749",01:43:05,--,--,0,--,--,17.6,29.9,"1,002",982
cycling,04/04/2014,2014,Berwick-upon-Tweed Cycling,Scott Road Bike,outdoor,0,--,35:08:00,--,--,0,--,--,--,--,--,--
cycling,29/03/2014,2014,Berwick-upon-Tweed Cycling,Scott Road Bike,outdoor,62.84,"3,488",03:51:37,--,--,0,--,--,16.3,30.5,"2,034","2,038"
cycling,22/03/2014,2014,Berwick-upon-Tweed Cycling,Scott Road Bike,outdoor,22.47,"1,309",01:13:54,--,--,0,--,--,18.2,30,475,488
cycling,18/03/2014,2014,Berwick-upon-Tweed Cycling,Scott Road Bike,outdoor,19.63,"1,113",01:06:35,--,--,0,--,--,17.7,29.4,561,543
cycling,16/03/2014,2014,Berwick-upon-Tweed Cycling,Scott Road Bike,outdoor,30.82,"1,784",01:52:37,--,--,0,--,--,16.4,35.1,"1,478","1,493"
